\s/(.)\1+/$1/[0-9];
(.)\\1+
(.)\\1+
(.)\\1+
(.)\\1+
(.)\1+
(((\\?))\2.)
\s/[\"]*\"\([\"]*\)\"[\"]*/>\1</[0-9]
\s/'\(.*\)--\(.*\)'/'\1\2'/[0-9]
\(.\)\(.\)\2\1
^((.)(?1)\2|.?)$
\s/##\([#]*\)##/${\1}/
(.)y\1
(["\']).*(\\)(\\\\)*\1
([0-9])\1+
(\\[0-9])\\1
(\\[0-9])\\1+
(\\[0-9])\\1+
\s/\(.\{15\}\).\+$/\1…/
\s/\(...............\).*/\1.../
\s/^\(.\{12\}\).\{3\}.\+$/\1.../
\s/^\([|]*|[|]*\).*$/\1/
[A-Z]%\s/^\([\|]\+|[\|]\+\)\|.*$/\1/[0-9]
(.)(.)(.)\3\2\1
(.)\1+
(.)\1+
(.)\1
\s/{\(.\)}\(.\)/\1{\2}/[0-9]
\s/\(.\){\(.\)}/{\1}\2/[0-9]
\s/{\(.\)}\(.\)/\1{\2}/[0-9]
\s/\(.\){\(.\)}/{\1}\2/[0-9]
\s/_\(.\)/_\L\1/
.*([1-9]).*\1.*
%[A-Z]\s/.*>\(.*\)<\/.*/\1/
(.)(?[A-Z](\1).)
^(.{3}).*\1$
^(.{3}).*\1$
^(.{3}).*\1$
\s/"\([[A-Z]]*\)[A-Z]\(["]*\)"/"\1" "\2"/
/\.\([1-9]\)[[.$]]/.0\1\2/[0-9]
(.)\1
\s|\([\x21-\x7E][0-9][0-9][A-Z][A-Z]\/\/.*\/\).*|\1|
\s|\([\x21-\x7E][0-9][0-9][A-Z][A-Z]\/\/.*\?\/\).*|\1|
\s|\([\x21-\x7E][0-9][0-9][A-Z][A-Z]//[/]*/\).*|\1|[0-9]
\s,\([\x21-\x7E][0-9][0-9][A-Z][A-Z]//[/]*\)/.*,\1,
[A-Z]%\s/^\([0-9]*\)_\(.*\)/\2/
(1{2})0\10
\s/\( \)/,\1/[0-9]
([0-f])\1([0-f])\2([0-f])\3
(\'|").*\\\\\1.*[\\\\]\1
('|").*\\\1.*[\\]\1
(.?)(.?)(.?)(.?)(.?).?\5\4\3\2\1
(.)(.{3}\3)
(.)(\3.{3})
/\(.*\)\1*/\1/
\s/\.([A-Z])/. \1/[0-9]
(.)(\1.)(\1)
^(?[A-Z]2()|3()|4()|5()){4}\1\2\3\4$
^(?[A-Z]2()|3()|4()|5()|6()){5}\1\2\3\4\5$
(\S)\1+
\s/^\([ ]*\). .*/\1/[0-9]
.*([0-9]).+\1.*
^(?\s)(.).*\1$
\s/\"/\\"/[0-9]; \s/^\\"\(.*\)\\"/\"\1\"/
\s/^\\"\(.*\)\\"/\"\1\"/
\(.\)\1\{9,\}
^(.)\1{9,}$
(.)\1{9,}
(.)\1{9,}
\s/SRC=.\(.*\)./\1/
^([01])\1*$
\s/.*\([0-9]*\).*/\1/
\s/[0-9]*\([0-9]\+\).*/\1/[A-Z]
\s/.*[A-Z][A-Z] \([,]*\), .*/\1/
(.)\1{8}
(.)\1+
<([0-9])></\1>
<([1-3])></\1>
\s/.*\(0-9\)\(0-9\)\(0-9\).*/\1,\2,\3/[0-9]
[A-Z]%[0-9]/M_TRACE/\s/"\(.*\)"/"%\s[A-Z] \1", __FUNCTION__/[-!"#$%&'*+,./[ \[\x00-\x1F\x7F]];<=>?@[\\\]_`{|}~]
[A-Z]%[0-9]/M_TRACE/\s/"\(.*\)"/"%\s[A-Z] \1", __FUNCTION__/[0-9][0-9][-!"#$%&'*+,./[ \[\x00-\x1F\x7F]];<=>?@[\\\]_`{|}~]
[A-Z]%[0-9]/M_TRACE/\s/"\(.*\)"\(, __FUNCTION__\)\?/"%\s[A-Z] \1", __FUNCTION__/
\s/[\x21-\x7E][A-Z][A-Z]f="\(.*\)(.|\,)"/[\x21-\x7E][A-Z][A-Z]f="{$\1}"/[0-9]
\s/[\x21-\x7E][A-Z][A-Z]f="\(.*\)\(.|\,\)"/[\x21-\x7E][A-Z][A-Z]f="{$\1}"/[0-9]
\s|[\x21-\x7E][A-Z][A-Z]f=\"\(.["][>]*\)\([.,]\)\">|[\x21-\x7E][A-Z][A-Z]f="\1">|[0-9]
\s/(\S),(\S)/\1|\2/[0-9]
\s/,\([,]*\),\([,]*\)$/|\1|\2/
\s/^.*\/\([\/]*\)$/\1/
\s[A-Z]^\([<].*\)$[A-Z]<[A-Z]>\1</[A-Z]>[A-Z][0-9]
\s/.*\([0-9]\{4\}\)/\1/
\s/\(.*\[\)\([0-9]*\)\([0-9]\{4\}\)./\1\2/
\s/.*\([0-9]\{4\}\)/\1/
\s/\(.*\[\)\([0-9]*\)\([0-9]\{4\}\)./\1\2/
\s/.*\([0-9]\{4\}\)/\1/
\s/\(.*\[\)\([0-9]*\)\([0-9]\{4\}\)./\1\2/
[A-Z]%\s/^\([0-9/]* [0-9[A-Z]]* \)\(.*\)/\/*\1*\/ \2/
[A-Z]%\s/\([A-Z]\)\([A-Z][A-Z]*\)/\1\L\2/[0-9]
^[A-Z]{2}([ \-])[0-9]{2}[ ,][A-Z0-9]{1,2}[A-Z]\1[0-9]{4}$
([AKQJT2-9])\1
^([AKQJT2-9])\1$
^([AKQJT2-9])\1$
(\W{1,9})(\1{2,})
\s/^.*\/1-1\.\([0-9][0-9]*\).*/\1/
\s/^.*\/1-1\.\([0-9]\+\).*/\1/
\s/(^|,)([0-9]{3}-[0-9]{4})(,|$)/\1208-\2\3/[0-9]
X(?[A-Z]A()|B()){2}\1\2Y
\s,.*|\(.*\)|.*,\1,
\s,[|]*|\([|]*\)|.*,\1,
\s,[|]*|\(.*\)|.*,\1,
\s/.*\[\(.*\)\].*/\1/[A-Z]
\s/.*\[\(.*\)\].*/\1/[A-Z]
(\W)\1{N-1,}
\s#.*/1-1\.\([0-9]\+\).*#\1#
([\"'])(?[A-Z]\\\\?.)*\\1
[A-Z]%\s/\(\[[,],\\s*\)1,/\12,/
"\(.*\)".*\1
(["'])["']+\1
/[0-9]/\s/^[0-9]*\([0-9]*\)[0-9]*\([0-9]*\)[0-9]*\([0-9]*\)[0-9]*\([0-9]*\)[0-9]*\([0-9]*\)[0-9]*\([0-9]*\)[0-9]*\([0-9]*\)[0-9]*\([0-9]*\)[0-9]*\([0-9]*\).*$/\1 \2 \3 \4 \5 \6 \7 \8 \9/[A-Z]
(.{2,})\1+
(\\.)\\1+
\(([0-9]{3})\)([ .-]?)([0-9]{3})\2([0-9]{4})|([0-9]{3})([ .-]?)([0-9]{3})\5([0-9]{4})
\s/(\{0,1\}\([0-9]\{3\}\))\{0,1\}\([ .-]\{0,1\}\)\([0-9]\{3\}\)\2\([0-9]\{4\}\)/\1\3\4/
\(?([0-9]{3})\)?([ .-]?)([0-9]{3})\2([0-9]{4})
.*(.).*\1
$\s[0-9][A-Z] =~ \s/ ([A-Z]) ([A-Z]) / \1\2 /[0-9];
\s/([A-Z]) ([A-Z])/\1\2/[0-9]
(.{2})\1+
((.))\1{N}
((.))\1{N}.*((\1)(.))\2{M}
^([0-9])\1{3}$
^(([0-9]))\1{4}$
((.))(\1)
\s|\([/]*/\)[/]*\(/[/]* .*\)|\1FOO\2|
\s/\(.*\),\(.*\),\(.*\)"\(.*\)\" \(.*\),\(.*\)/\1,\2,\3 \4 \5 \6/[0-9]
\s/.*[A-Z][0-9][0-9] \([0-9]*\).*/\1/
\s/\([0-9]\{2\}\)\([0-9]\{3\}\)\([0-9]\{3\}\)\([0-9]\)-\([0-9]\{3\}\.[0-9]\{3\}\)/\1.\2.\3.\4-\5/
\s/\([0-9][0-9]\)\([0-9][0-9][0-9]\)\([0-9][0-9][0-9]\)\([0-9]\)/\1.\2.\3.\4/
\s/\([0-9][0-9]\)\([0-9][0-9][0-9]\)\([0-9][0-9][0-9]\)\([0-9]\)/\1.\2.\3.\4/
\s/\([0-9][0-9]\)\([0-9][0-9][0-9]\)\([0-9][0-9][0-9]\)\([0-9]\)/\1.\2.\3.\4/
\s/\([0-9]\{2\}\)\([0-9]\{3\}\)\([0-9]\{3\}\)\([0-9]\)\(-[0-9]\{3\}\.[0-9]\{3\}\)/\1.\2.\3.\4\5/[0-9]
.*(.).*\1
^(?[A-Z]1()|2()|3()|4()){4}\1\2\3\4$
<([A-Z])\1*>
<[A-Z]([A-Z][A-Z])\1*>
\s/[A-Z]/[A-Z]00000/;\s/[A-Z]0*\([0-9]\{6,\}\)$/[A-Z]\1/
\1(?[0-9])\1$
\1(?[0-9])\1
[A-Z]%\s/^\(.*\)$/"\1"/
(?<N>.)+.?(?<-N>\\[0-9]{N})+(?(N)())
(.)\\1*
^(.)\1*$
\s/^.*,\([0-9][0-9]*\).*$/\1/[0-9]
\s/\([0-9]\+\) \+\([0-9]\+\) \+\([0-9]\+\)/\1.0 \2.0 \3.0/
[A-Z][0-9]/\([0-9]\+\) /\s//\1.0 /[0-9]
[A-Z][0-9]/\.0\(  *\)$/\s//\1/[0-9]
\s/\(.*\)/\1 ;NULL;NULL;1/
\s/\(.*\)/NULL;0;400;6;2010-07-27;\1/
\s/\([A-Z]\)[0-9]*/\1/[0-9]
/\([|]*|\)\{17\}/{\s/\([|]*|\)/"\1/14;\s/\(|[|]*\)/"\1/16}
/\([|]*|\)\{7\}/{\s/\([|]*|\)/"\1/4;\s/\(|[|]*\)/"\1/6}
\s~\([\x21-\x7E][0-9][0-9][A-Z][A-Z]//[/?]*\)=~\1~
%\s/\(.*|\S*\).\(.*\)/\1\2/[0-9]
(.)\1
(.)X\1
([A-Z])?.*([A-Z]|\1)
([A-Z]).*\\1
([1-4])\1{3}
([1-4]).*\1.*\1.*\1
([1-4])\1{3}
(['"]).*\1
([0-9])[\1]*\1
(.)\1+
/ \(.....\)*....1/\s/^\([ ]*\) .*$/\1/;[0-9];[0-9]
/ \(.........\)*........1/\s/^\([ ]*\) .*$/\1/;[0-9];[0-9]
(.)\1{2,}
^((.)(?1)\2|.)$
^(.|(.)(?1)\2)$
^((.)(?1)\2|.?)$
^(.)(.)(.) ... \3\2\1$
(.)\1{5,}
(.)\1{5,}
(.)\1+
(.)\1{3,}
(.)\1\1
((.))(\1).*
(.)\1*
%\s/\([ ]\)  */\1 /[0-9]
\s/\([ ]\) \+/\1 /[0-9]
\s/\(\S\)\\s\+/\1 /[0-9]
([0-9]).*\1.*\1.*
([0-9]).*\1.*\1.*\1
(.)\1*
(\[|\](^T[\x21-\x7E][A-Z] ))\2
\s|'\(['"]*\)"\([']*\)'|'\1\"\2'|[0-9]
[A-Z]%\s/\(.\|^\)&\(.\)/\1\\\&\2/[0-9]
(["']).*\1
([A-Z])\1
\s/^\([ ]* \)\(.*\)\( [ ]*\)$/\1\"\2\"\3/
(.)\1
\s/^.*\([A-Z][0-9][0-9][0-9][0-9][0-9][A-Z]\).*$/\1/
\s/((.)\2)\2+/$1/[0-9];
(.)\1*
(.)\1+
$\s[0-9][A-Z]=~ \s/(.)\1+/$1/[0-9];
\s/(.)\1/$1/[0-9];
\s/^.*MATCH1\(.*\)MATCH2$/\1/
\s|\(.*\)/.*|\1|
(.)\1
\s/.*"\(.*\)"/\1/
\s/STRING_1\\s*[A-Z]\\s*"\(["]*\)"/\1/[0-9]
\s/.*STRING_1\\s*[A-Z]\\s*"\(["]*\)".*/\1/[0-9]
^(EMAIL), \1$
\s/\(\[[ ]*\) /\1_/
^(['"])​​​​​​​​​​​​​​.*\1$
\s!\(.*\)/\([/0-9]*\)-\([0-9][/]*\)\.\([./]*\)$!\0 \1 \2 \3 \4!
(.)\1{3,}
/ *\([;[A-Z],.]\) */\1 /
\s/^([0-9]{16})([0-9]{15})([0-9]{15,16}) ...$/\1,\2,\3, .../
(.)\1+
(.)\1
(.)\1
<([0-9][A-Z]|TR)[>]*>.*<\/\1>
^((.)(?1)\2|.)$
^(.|(.)(?1)\2)$
^((.)(?1)\2|.?)$
(.)\1{2,}
\s!.*\(/TOKEN.+TOKEN.*\)!\1!
\s#.*\(/TOKEN/.*/TOKEN/.*\)#\1#
(['"]).+\1 *<[>]+>
/^(?[A-Z]20|19)[0-9]{2}([-.\\/])(?[A-Z]0?[1-9]|1[012])\\1(?[A-Z]0?[1-9]|[12][0-9]|3[01])$/
^(["\']).*\1$
([0-9]{3})\1
([789])\1{8}$
^P([1-6]{1})(\1)([1-6]{1})$
^P([1-6])([\\1\D07-9])$
\s/([\W_]|=\*|->)\1+//[0-9]
\s/([\W_]|=\*|->)\1+/$1/[0-9]
\s/(==>|=\*|->|[\W_])\1+/$1/[0-9]
\s/ ([A-Z])/-\1/[0-9]
\s/ \([0-9]\)/-\1/[0-9]
\s/;\([0-9]\{6\}\)00;/;\101;/[0-9]
\s/;([0-9]{6})00;/;\101;/[0-9]
\s/;\([0-9][0-9][0-9][0-9][0-9][0-9]\)00;/;\101;/[0-9]
(.)\1+
(.)\1+
(.)\1{3}
.\s/\([0-9]\+\)\(||.*\)$/\1/[0-9]
\s/^.*>\([<]*\)<.*$/\1/[A-Z]
^[\\s=!@#]\1*$
(.).*\1
(.).*\1
\s/([0-9][0-9]?)\/([0-9][0-9]?)\/([0-9][0-9][0-9][0-9])/\3-\2-\1/
\s[A-Z] [[ [\|]* | .* ]][A-Z]\1[A-Z][0-9]
#^(.)\1{2,}#
[A-Z]%\s /\\\([\\]\{6\}\)[\\]*/\\\1\~1\\/[0-9]
\s/\(^[.]*\.[.]*\.\)\(.*$\)/\1/[0-9]
\s/^\(\([.]*\.\)\{2\}\).*/\1/
[A-Z]%\s/\( ->\).*/\1/
\s/\([0-9][0-9]*\).*/\1/[0-9]
\s/\([0-9][0-9]*\)/\1/[0-9]
\s/^\([0-9][0-9]*\).*$/\1/
\s/^.*\(\[URL.*\)$/\1/
[A-Z]\s/^.*\(\[URL.*\)$/\1/
\s/^\(.*\)#.*$/\1/
\s/\(\(.*;\)\{8\}\)O\(.\{3\}\);/\1\2;/[0-9]
\s/\(\(.*;\)\{8\}\)O\(.\{3\}\);/\1\3;/
\s/\(\([;]*;\)\{8\}\)O\(.\{3\}\);/\1\3;/
\s/\([[[[A-Z][[ \[\x00-\x1F\x7F]]-z]][0-9]]-z[A-Z]\).*\.\(.*\)$/\1\2/
\s/.*[-_]\([0-9][0-9]*\)[-_].*/\1/[0-9]
\s/.*[-_]\([0-9][0-9]*\)[-_].*/\1/[0-9]
\s/^.*\(.\)\([0-9][0-9]\)\1.*$/\2/;\s/^.*(\([0-9][0-9]\)).*$/\1/;\s/^.*\[\([0-9][0-9]\)\].*$/\1/
\s/^.*\(.\)\([0-9][0-9]\)\1.*$/\2/
\s/^.*\(.\)\([0-9][0-9]\)\1.*$/\2/
\s/^.*\(.\)\([0-9][0-9]\)\1.*$/\2/
/^.*\(.\)\([0-9][0-9]\)\1.*$/![0-9];\s//\2/
\s/^.*\(.\)\([0-9][0-9]\)\1.*$/\2/[A-Z]
\s/^\(06700|067|00\)\([0-9]*\)/\2/[0-9]
__\(('|").*\1\).*
('|").*\1
((.))\1
$ \s/\([ ]\)*>[ ]*/\1?>/
([ ])( \1){1}
\[([A-Z][\x21-\x7E][A-Z])\].*\[/(\1)\]
[A-Z]%\s/\/\*\(\_.\)*\*\//\1/
[A-Z]%\s/\/\*\(\_.*\)\*\//\1/
\s/\(.*\)ABC/\1DEF/
\s/\(.*\)ABC/\1DEF/[0-9]
\s/\(.*\)ABC$/\1DEF/[0-9]
\s[A-Z][-!"#$%&'*+,./[ \[\x00-\x1F\x7F]];<=>?@[\\\]_`{|}~]=(["']).*\1
([1-9])(\1)[1-9]
([1-9])([1-9])(\1)0([1-9])\4\2
(\"|').+\1
([0-9])\1*
@(["'])[]*\1
(\D?)\1*
(["']).*\1
([\'\']).*\1
(.)\\1+
(.)\\1+
(.)\\1+
(.)\1+
([0-9])\1
([0-9])\1{8}
[A-Z]\s/| \+\(.*[ ]\) \+| \+\(.*[ ]\) \+|/| \2 | \1 |/[0-9]
[A-Z]\s/\(|[|]*\)\(|[|]*\)|/\2\1|/[0-9]
(.)\1{5,}
\s/^.*[\x21-\x7E][A-Z][A-Z]f="\(["]*\)".*$/\1/
\s@<\([<>][<>]*\)>\([<>]*\)</\1>@\2@[0-9]
\s@<\([<>][<>]*\)>\([<>]*\)</\1>@\2@[0-9]
^([0-9])\1*$
^([0-9])\\1*$
('|")...\2
(.)\1{2,}
(LIKE|<|>|<>|=|IS(?[A-Z] NOT)?|(?[A-Z]NOT )?IN)\\s*(([\"'\].*\3|[\\s]+
\s/|\([0-9]*\)\.\([0-9]*\)0*|/|\1\.\2|/[0-9]
\s/|\([0-9]*\)\.\([0-9]*\)0|/|\1\.\2|/[0-9]
\(?([0-9]{3})\)?([ .-]?)([0-9]{3})\2([0-9]{4})
(.)\1
^(.)\1$
^(.)(\1\1){8,}$
(.)\1\1
(.)\1\1
(.)\1{2}
([\\s.'-,])\1+
([\\s.\'-,])\1+
\s/([\\s.'-,])\1+/$1/[0-9]
/([ _-,.])\1*/\1/[0-9]
\s/\(.\) \([\1]\)/\1\2/[0-9]
[1-7]|.{8}|(.).*\1
\s/\(.\) \1/\1  \1/[0-9]
\s/\(.\) \(.\)/\1\2/[0-9]
\s/.*\('.*'\).*/\1/[A-Z]
\s/.*'\(.*\)'.*/\1/[A-Z]
(.{3,})\\1+
(.)\1
(.).\1
[A-Z][0-9]/{\(.*\)}\(.*\){\/\1}/\s/{\1}.*{\/\1}/{\1}\2{\/\1}/
{\(.*\)}.*{\/\1}
\s/{{\\s*\(\S*\)\\s*}}/{{ \1 }}/[0-9]
(.).*\1
(.).*\1
\s/[=]*=\([,]*\)/\1 /[0-9]
\s%\([$.\*]\)%\\\1%[0-9]
/([\s])\s$/\1/
\s/[0-9.]*\([0-9.]*\).*/\1/
%([']) --> /100\1
(\S)\1{2,}
\s/\([[A-Z]]\)[A-Z]/\1 /
[A-Z]'<,'>\s/^\(\_.*\)\%V/<[A-Z]>\1<\/[A-Z]>/
\(.\)\1\1
([0-9]|([0-9][0-9])|([0-9][0-9][0-9]))|(([0-9]|([0-9][0-9])|([0-9][0-9][0-9]))&&\3A&&[0-9])
[A-Z]%\s/.*\(\".*\"\).*/\1/
[A-Z]%\s/\"\([0-9]*\)\"/\1/[0-9]
^(9)\1+$
(.)\1{4,}
(.)\1+
(.)\1{5,}
[A-Z]\s/\(\S\+\)/"\1"/
\s/^[0-9]\+ [0-9]\+ \(.*\) [0-9]\+ [0-9]\+$/\1/;\s/ /_/[0-9]
\s/.*\[  *\(.*\)  *\].*/\1/
\s/.*\[  *\(.*\)  *\].*/\1/
[A-Z]%\s!\\s*\([!<>=/*-]\+\)\\s*! \1 ![0-9]
(.?)(.?)(.?)(.?)(.?)(.?)(.?)(.?)(.?).?\9\8\7\6\5\4\3\2\1
\s/.*"\(["]*\)".*/\1/;\s/<\([>]*\)>/\1/
\s/.*"\(["]*\)".*/\1/;\s/<\([>]*\)>/\1/
\sf[A-Z][A-Z]f=('|").*\1
(.)\1{2,}
\S*(.)\1{3,}\S*
\s/[0-9]\+\(.*\)/X\1/[0-9]
1,1\s/\([0-9]*\) \([0-9]*\) \([0-9]*\) \([0-9][0-9]\)\([0-9][0-9]\).*/\1 \2 \3 \400 /
\s/([0-9])([0-9])/\2\1/[0-9]
\s/\<\([0-9]\)\([0-9]\)\>/\2\1/[0-9]
\s/\(.*\).../\1/
\s/\.(^M?)/\1/
([0-9])(\1\1\1)[0-9]{3}
[A-Z]%\s/[A-Z]\(\S\)/[A-Z] \1/[0-9]
%\s/[A-Z]\([ ]\)/[A-Z] \1/[0-9]
\s/^\([0-9]\{4\}\)\([0-1][0-9]\)\([0-3][0-9]\)\([0-2][0-9]\)\([0-6][0-9]\)\([0-6][0-9]\)/\1\/\2\/\3 \4[A-Z]\5[A-Z]\6/[0-9]
([YMD])(\1)
/^[\~\\!\\@\\#\\$\\%\\^\\&\\*\\\\\\`\\1\\2\\3\\4\\5\\6\\7\\8\\9\\0\\_\\+\\=\\{\\}\\[A-Z]\\"\\;\\\\\<\\>\\?\\,\\.\\/\ ]*$/
\s/\([A-Z][0-9][0-9]\)\.[0-9]\{3\}/\1/[0-9]
\s,\([A-Z][0-9]\{2\}\).[0-9]\{3\},\1,[0-9]
\s/\([0-9]\{2\}[A-Z][0-9]\{2\}[A-Z][0-9]\{2\}\)\.[0-9]\{1,3\}/\1/[0-9]
((.))(\1)
(1|2)(3|4)\1\2
(.)\1
(.)\1
\(?([0-9]{3})\)?([ .-]?)([0-9]{3})\2([0-9]{4})
([ABCD]).*\1
\s/\.//;\s/\(..\)$/.\1/
\s/,[1][4]\([0-9][0-9]\),/,2\1,/
\s/,[1][4]([0-9][0-9])/,2\1/
\\[0-9]*(\\[0-9])\\1{3}\\[0-9]*
\\[0-9]*(\\[0-9])\\1{2}\\[0-9]*
\\[0-9]*(\\[0-9])\\1{2,}\\[0-9]*
.*(\\[0-9])\\1{3}.*
\s/"\(["]*\)"/\1/[0-9]
(['"]).+\1
([1-9]?[0-9])([-./]?)([1-9]?[0-9])\2([1-9]?[0-9])
N1([-\./])N2\1N3
A(.)B\1
...\s/\(.\)\(.*\)/+\2/
\s/\("[0-9][0-9]*\);\([0-9][0-9]*"\)/\1,\2/[0-9]
[\x21-\x7E][A-Z][A-Z]f\\s*=\\s*(["']).*\1
(['"]).*\1
(.)\3
(.)\1\1
(.)\1\1+
\s/BEGIN_\([F][_]*\|F[O][_]*\|FO[O][_]*\|FOO[_]\+\)_END/\(\1\)/[0-9]
\s/'\([A-Z]\)''/\1'/[0-9]
(.{7}).*\0.*\1
.?(.)\1
(.)\1
1[0-9]; /^$/[0-9]; \s/^\(...\)\?\(...\)\?\(...\)\?\(...\)\?\(...\)\?\(...\)\?.*/\2 \& \3 \& \4 \& \5 \& \6 \\\\/
.+(..{N,})\1
([._ ]).*\1
([,])(\\1)
\s/.*'\(.*\)'[']*$/\1/
\s/.*"\(.*\)"["]*$/\1/
/^\([0-9]\{1,4\}\).*/\s//\1/[A-Z]
/^[0-9]*\([0-9]\{1,4\}\).*/\s//\1/[A-Z]
^(.)\1+$
^(.)\1*$
\s/.*\({.*}\)/\1/
^[0-9]{3}([-|/]?)[0-9]{2}\1[0-9]{4}$
^((.)(?1)?\2|.)$
^(.).*\1$
^((.)).*\1\z
(?[0-9])(.)\1\1
(.)\1\1
\s/\(\.[.]*\.\).*/\1/
[A-Z]\s/\([0-9]\+[0-9]\+\).*/\1/
[A-Z]\s/\([0-9]\+[0-9]\+\).*/\1/[0-9]
\s%^.*/\([/]*\)\.[0-9][0-9][0-9]$%\1%[0-9]
([AB]).*(\1)[AB]
([AB]).*(\1)[AB]
\s/\(\("["]*"\)\?[",]\+\),/\1 |/[0-9]
\s/=\([" >][ >]*\)/="\1"/[0-9]
\s/\(=\)\([ >]*\)/\1"\2"/[0-9]
<(143|128|132|175)>.*</\1>
(\S)\1\1+
\s/\([0-9]*\.\)\([1-9]*\)\(0*\)/\1\2/[0-9]
\s/\([0-9]*\.\)\([1-9]*\)\(0*\)/\1\2/[0-9]
\s/\(\.[1-9][1-9]*\)0*/\1/[0-9]
[A-Z]%\s/'\(\([']*\)\)'/"\1"/[0-9]
[A-Z]%\s/"\(\(["]*\)\)"/'\1'/[0-9]
(.)\1+
\s/["]*"\(["]*\)".*/\1/
(.)(\1)
[A-Z]1,$\s/"\([0-9]*\),\([0-9]*\)"/\1\2/[0-9]
\s|^\(\(.\)/B/C/\).|\1\2|
(.)\1{N-1}
(.)\1{N-1}(\1)
(.)(\1.)\1{N-1}(\1)
(.)((\1)..)\1{N-1}(\1)
\s/^[ ]* \([ ]*\) \([0-9]*\) \([0-9[A-Z]]*\) \([0-9]*\) /\1 \2 \4 \3 /
(['"])[\1\\]
\s/\\\@.(\S)/\\\@. \1/[0-9]
\s/(\\@\.)([A-Z])/\1 \2/[0-9]
\s;^.*\(\[.*\]\).*$;\1;
\s;^\\s*\([0-9]*\)\\s*\(.*\)$;\2, \1;
\s;^.*\(\[.*\]\).*$;\1;
\s;^.*\[\([+]*\).*\].*$;\1;
\s/.*\[\(.*\)[A-Z].*/\1/
\s;^.*\[\(.\{17\}\).*\].*$;\1;
\s/,\([ ]\)/, \1/[0-9]
[A-Z]\s/^\([ ]*\) .*$/'\1'[A-Z] \1,/
\s/\([0-9][0-9][0-9][0-9]\)[A-Z]\([0-9][0-9]\)/\1 \2/[0-9]
^.*([BCR]|\$)\1+.*$
{(.).*\1}
[A-Z]1,$\s/|\(\s[0-9]\+\)|/|[[\s[A-Z][A-Z]v[A-Z][A-Z][A-Z]\1]]|/
[A-Z]%\s/^\([|]*|\)\([|]*|\)\([|]*|\)\([|]*|\)\([|]\+|\)/\1\2\3\4[[\s[A-Z][A-Z]v[A-Z][A-Z][A-Z]\5]]/
(.)\1\1\1\1
.*(.)\1\1\1\1.*
(.)\\1{2,}
\s/(.)\1\K\1+//[0-9]
(.)\1+
\s/<[0-9][0-9]>\([0-9.]\+\).*/\1/[0-9]
\s/<[0-9][0-9]>\([0-9]*.[0-9]*\).*/\1/[A-Z]
%\s/^\([123]\)\(.\+\)/#\1\2/[0-9]
\s/".*\/\(.*.j[A-Z][0-9]\)/\1/[0-9][0-9]
\s/".*\/\(.\+\.j[A-Z][0-9]\)"/\1/[0-9][0-9]
\s/$\.[0-9][A-Z][0-9]S[-!"#$%&'*+,./[ \[\x00-\x1F\x7F]];<=>?@[\\\]_`{|}~][A-Z][0-9][A-Z][0-9]\('(.)+'\);/$( \1)/[0-9]
\s/^.*D\([[[A-Z][0-9][0-9][0-9][0-9][0-9][A-Z]]][[[A-Z][0-9][0-9][0-9][0-9][0-9][A-Z]]]\).*/\1/
(.)\1+
\s/([0-9]{2})([0-9]{2})([0-9]{2})([0-9]{2})/\1[A-Z]\2[A-Z]\3[A-Z]\4/[0-9]
\s/\(.*\)[A-Z]$/\1/
[A-Z]%\s/\(\[.*\)\@<=\([0-9]\+\)\(,[,]*\.[,]*\)\@<!\.\@!\(.*\]\)\@=/\2.0/[-!"#$%&'*+,./[ \[\x00-\x1F\x7F]];<=>?@[\\\]_`{|}~][0-9]
(.)\1
(.)\1
(.)\1+
(.{4,5})\\1
(.)\\1+
(.)\\1+
\s7([0-9][0-9])/\1 /[0-9][A-Z]
((\\[0-9]{2}))((\\1\\[0-9])?)((\\2\\[0-9])?)
\s/!\([\^!]*\)!\([!]*\)$/|\1|\2/
\s/!\([\^!]*\)!\([!]*\)!\([!]*\)$/|\1|\2\3/
\s/\([0-9][0-9]\{3,4\}\) /\1. /[0-9]
\s/.*-q\\s\([0-9]\+\).*/\1/[A-Z]
'(\()([A-Z])(\))', \1\3.
(.)\1{2,}
(\\S)\\1{2,}
\s/^[0-9]*//; \s/\(\([0-9]\{1,3\}\.\)\{3\}[0-9]\{1,3\}\).*/\1/
(.)\1+
\s/.*\([0-9][0-9]*G[0-9][0-9]*\).*/\1/[A-Z]
\s/.* \([0-9]\+G[0-9]\+\) .*/\1/
\s/^CN=\([,]*\).*/\1/
\s/^[=]*= *"\(["]*\)"$/\1/
^((.)(?1)\2|.?)$
(.)(?1)\2
^((.)(?1)\2|.?)$
^((.)(?1)\2|.?)$
^(\*)[*]+\1$
\s[A-Z]\(.*\)/[*]\(.*\)[*]/[A-Z]\1 // \2[A-Z]
[A-Z][A-Z] \s[A-Z]\(.*\)/[*]\(.*\)[*]/\(.*\)[A-Z]\1\3 //\2[A-Z];[0-9][A-Z];\s[A-Z]//\(.*\)//\(.*\)[A-Z]//\2\1[A-Z];[0-9][A-Z]
\s/^\(.*\)[A-Z]\(.*\)$/\2 \1/
\s/^\(.*\)[A-Z]\(.*\)$/\2 \1/
\s|[€]*.[ ]*\([.[[A-Z][0-9][0-9][0-9][0-9][0-9][A-Z]]]*\).*|\1|
1\s/.*&CD=\([&]*\).*/\1/
\s/([0-9]{1,3}),([0-9]{3}\.[0-9]{2})/\1\2/[0-9]
\(\S\+\).*\z\s\1\.DAT
/\(.\).*\z\s\1\.DAT
%\s/\(.\).*\z\s\1\.DAT//
\s|/\*\([.]*\)\*/|\1|
\s|/\*\(.*\)\*/|\1|
(.)\1
/(_[0-9]\().*(\))/\1\2/[0-9]
%\s/\\([0-9]\\) \\([0-9]\\)/\1\2/[0-9]
\s/^\([;]*;[;]*;[;]*\);\([;]*;[;]*\);/\1.\2./
(.)\1{2,}
\s/1\([.]\)/2\1/[0-9]
(.).*\\1
\s/([0-9]([0-9]))/0\1/[0-9]
\s/["]\+"\(["]\+\)"[>]\+>\1</\1/[A-Z]
([1-9])\\1{9}
\s/^\([ ]\+\).*/\1/[A-Z]
\s/\([ ]*\) .*/"\1"/
/^ /[0-9];/^$/[0-9];\s/\([ ]*\) .*/"\1"/
\s/^\([ ]\+\).*/"\1"/[A-Z]
\s/^\(.*\)$/"\1"/
/^[ ]/ { \s/^\([ ]\+\).*/"\1"/; H }
([0-9]||[A-Z])\1{5}
\s/ \(=\+\) /\1/[0-9]
\s[A-Z]\([,]\+\),\([,]\+\),\([,]\+\),\([,]\+\)[A-Z]\1,'\2',\3,'\4'[A-Z]
^.*(.).*\1.*$
([.,])\1{1,}
[A-Z]f1;\s/^\([ .]*\)\./\1\//;[0-9] f1;[A-Z]f2;\s/^\([ ][ ]*\) \([ .]*\)\./\1 \2\//;[0-9] f2
\s/\([0-9]+\)[A-Z]\([0-9]\)/\1\\{\2\\}/
\s/.*[0-9]\([0-9]\+\)[0-9]*$/\1/
\1 \(\2\3\)\4\6\7\8\9\10\11
\s/-\([0-9]\)-/-0\1-/[0-9]
(.)\1\1
(.)\1\1
([\\s\S])\1\1
([\\s\S])(\1\1)[\\s\S]{2}
(..) [[-!"#$%&'*+,./[ \[\x00-\x1F\x7F]];<=>?@[\\\]_`{|}~]\s]\1
(.)\1\1
[A-Z]%\s/[A-Z]\([ ]*\)\(\\s*\)=>/\1[A-Z]/[0-9]
[0-9]{4}([ -]|)([0-9]{4}\1){2}[0-9]{4}
2,$\s#\(^.\{8\}\)\\[0-9]#\1\(\,\)#
\s/(["'])(?[A-Z]\?.)*\1/[0-9]!/[0-9]
(.{1,4})\1{3,}
^(.)(.)..\1.(.).\1\3\2$
^(.)(.)(.)\3(.)(.)$
^(.)(.)(.)(.)\1(.)(.)(.)\1\6\2(.)$
(\\[0-9])\\1
(\\[0-9])\\1\\[0-9]*
(\\[0-9])\\1\\[0-9]{6}
(\\[0-9])\\1{4}\\[0-9]*
(\\[0-9])\\1\\[0-9]*
(\\[0-9])(\\1)
[A-Z]%\s/\([A-Z]\+\)\\s*/\1/[0-9][-!"#$%&'*+,./[ \[\x00-\x1F\x7F]];<=>?@[\\\]_`{|}~]
[A-Z]%\s/\([A-Z]\+\)\\s*/\1/[0-9]
\s/.*(([A-Z]{1,2}[0-9]{1,2}|[A-Z]{1,2}[0-9][A-Z]) [0-9][A-Z]{2}).*/\1/[A-Z]
(\\[A-Z]{L})(?[A-Z],\\1){4}
(.)\2+
\s#/(.{1,3})[/]*(/|$)#/\1\2#[0-9]
\s#\(/[/]\{3\}\)[/]*#\1#[0-9]
\s#(/[/]{3})[/]*#\1#[0-9]
^([A-Z])\1*$
\s/.*\.\(.*\)/\1/
/[ ]* \([ ]*\).*/ \s[A-Z][A-Z]\1[A-Z]; /^$/[0-9]
(!|\?)\1+
\s/('12.34.5.6',\\s?)[0-9]{4,5}/\12222/[0-9]
\s/('12[.]34[.]5[.]6',[ ]?)[0-9]{4}/\\12222/[0-9]
(["\'])(\\"|\\\'|["\'])+\1
[A-Z][A-Z] \s[A-Z]["]\([",]*\)["]\([",]*\)["]\([",]*\)["][A-Z]"\1\2\3"[A-Z]; [0-9][A-Z]
\s/\.[0-9][0-9]*\( \|$\)/\1/[0-9]
((\\s)?(\S)(?(2)|\\s))\1+\\s?
((.))\1+
((.))(\\1)
\B(['"]).*\1\B
\s/\([ ]*\) [0-9]*[1-9][0-9]* /\1 1 /
\s/^[E ]*\([0-9]\)/\1/
(\\S)\\1+
(.)\\1
(.)\1
\s/^\([|]*\)|0*\([|]*\)/\1|\2/
\s;\([\x21-\x7E][0-9][0-9][A-Z][A-Z]//[/]*\)/.*;\1;[A-Z]
\s;\([\x21-\x7E][0-9][0-9][A-Z][A-Z]//[/]*/\).*;\1;[A-Z]
\s;\([\x21-\x7E][0-9][0-9][A-Z][A-Z]//[/]*\)/.*;\1;[A-Z]
(.)\1{2}
(.)\1+
^\S*([A-F])\S*\1\S*\1
[A-Z]%\s#\v(\(\.)([,]{-},)(.{-}\.\))#\1\3#[0-9]
(.)\1+
\s/\(^.*$\)/"\1"/[0-9]
(.)\1
([@#$%])\1+
( )(\W)\1+
( )(\W)\1+
\s/^\[\(.*\)\]\.\[\(.*\)\]/\1=\2/[0-9]
\s/^([0-9])[A-Z]/\1/[0-9];\s/[A-Z]/L/[0-9]
\s/^([0-9])[A-Z]/\1/[0-9];\s/[A-Z]/\1/[0-9]
([\x21-\x7E][A-Z][0-9][0-9][\x21-\x7E][0-9]=("|')).*(\1)
\s/((!|<|>|=|\+|%)=|=)/ \1 /[0-9]
\s/<(\/?)[\x21-\x7E]1>/<\1[\x21-\x7E]2>/
^.*(.)\1{2}
(.)\1{2}
[A-Z]%\s/\([\x21-\x7E][A-Z][A-Z]f=\"\)[\"]*/\1#/[0-9]
\s/\(.*\)./\1/
(.)\1\1
\s/.*<TEXT>\(.*\)<\/TEXT>.*/\1/
/.*<\(TEXT\|HEADLINE\)>\(.*\)<\/\(TEXT\|HEADLINE\)>.*/![0-9];\s//\2/
/.*<\(TEXT\|HEADLINE\)>\(.*\)<\/\(TEXT\|HEADLINE\)>.*/![0-9];\s//\2/
(.).*\1
(.)\1
^(19|20)\\[0-9]\\[0-9]([-/.])(0[1-9]|1[012])\\2(0[1-9]|[12][0-9]|3[01])\\\s+\\[0-9]+,[,]+,[,]+$
(.)\1
\s/PID[A-Z]\([0-9]*\)/\1${$}/
\s/\(PID[A-Z]\)[0-9]*/\1${$}/
(={2,6})\W+\1
\s/\([~]*~[~]*~0~[~]*~[~]*~[~]*~[~]*~[~]*~[~]*~[~]*~\)\([0-9][0-9]\/[0-9][0-9]\/[0-9][0-9]~\)\(.*$\)/\1~\3/
[A-Z]1,$\s/==\(.*\)/\1==\1/
\s@([,])(\")([,])@\1""\3@[0-9]
\s@([,])(\")([,])@\1""\3@[0-9]
\s@([,])(\")([,])@\1""\3@[0-9]
\s,"\("$\),\1,
\s@([,])(\")([,])@\1""\3@[0-9]
\s@([,])(\")([,])@\1""\3@[0-9]
(.)\1{2}
(.)\1+
(.)\1
\s/"\([,]*\)"/\1/[0-9]
\s@//([\\s/])@// \1@
(.)\1+
\s/ \(\[[0-9]\+\]\)/\1/[0-9]
\\(['"]\\)\\(.\\{-}\\)\\1
0+|((\\[0-9]))(\\1)
0+|(([1-9]))([1-9])(\\1)
.*(.)(.)(.)(.)\4\3\2\1.*
.*(.).*\1
(.)\1{N}
(.)\1{3}
(..)\1+
^(.)\1+$
\s/-\([0-9]\)/\/\1/[0-9]
\s/\([0-9A-F]\{2\}\)/\1[A-Z]/[0-9]
\s/[A-Z]\([- ]\|$\)/\1/[0-9]
\s[A-Z]{{{\(.*\)}}}[A-Z]\1[A-Z][0-9]
\s/\([A-Z][0-9]*\)20/\121/
\s/[A-Z]\([0-9]\{0,3\}\)20/[A-Z]\121/[0-9]
\s/\(SEARCH_STRING .*\)\(.\)$/\1INSERTED_VALUE\2/
\s/\(SEARCH_STRING .*\)\(\S\\s*\)$/\1INSERTED_VALUE\2/
\s/\(SEARCH_STRING .*\)\(,.*\)/\1 INSERTED_VALUE\2/
\s/^\(\"\$\$RESULT_REPORTER\$\$\"*[A-Z]*\).*$/\1\"XML\"/
\s/#\([#]*\)#/===\1===/[0-9]
\s/#\([#][#]*\)#/===\1===/[0-9]
\s/# \([#]*\) #/=== \1 ===/[0-9]
\s/#\([#]\{1,\}\)#/===\1===/[0-9]
\s/[0-9]*\(\([0-9]\.\)\{0,1\}[0-9][.]\).*/\1/[A-Z]
\s/^.*-\([0-9.]*-[0-9]*\)\..*$/\1/[A-Z]
\s/[0-9]*\(\([0-9]\+\.\)\{2\}[0-9]\+-[0-9]\+\).*/\1/[A-Z]
[A-Z]%\s/\(^\]*\).*/\1/
\s|[0-9]*\([0-9\.]*\)|\1 |[0-9]
\s/\(<[ ]*\) \(.*>\)/\1_\2/[0-9]
\s#\([\x21-\x7E][0-9][0-9][A-Z][A-Z]//.*/\)[0-9]\+.*#\1#
\s/([0-9])[A-Z]/\1 [A-Z]/
\s/[>]*>\([<]*\)<[>]*>/\1/[0-9]
\s/.*([0-9]\.[0-9]{1,2}\.[0-9]{1,2}).*/\1/
\s/(^|[\\])\\[0-9]/\1   /[0-9]
\s/(^|[\\])\\[0-9]/\1   /[0-9]
[\x21-\x7E][A-Z][A-Z]f=(['"])[\\s]+([\/]|.[A-Z][0-9]f)\1
%\s/\(\([\x21-\x7E][A-Z][A-Z]f\|\s[A-Z][-!"#$%&'*+,./[ \[\x00-\x1F\x7F]];<=>?@[\\\]_`{|}~]\) *= *"["-]*\)-/\1_/[0-9]
f(.)\1
(.).*\1
(.).\1(.)\2
\s/^\(.*\)[0-9]\(.*\)$/"&" \1\2/[0-9]
\s/.*\<\(.*\) \[.*/\1|/[0-9]
(.)\1+$
\s|\(["*]\)|\\\1|[0-9]
\s/.*\.\(.*\)/\1/
(.)\1{2}
\([0-9]\{4\}_[0-9]\{2\}_[0-9]\{2\}\).*\1
(.)\\1+
(.)\\1+
\s%^\(/[/]*/\).*\(/[/]+\)$%\1...\2%
\s%^\(/[/]*/\).*\(/[/]*\)$%\1...\2%
(>|\|)[>\|]*\1[>\|]*\1
\s/.*[A-Z]\(.*\)@.*/\1/
(["'])[]*\1
\s/^.* [A-Z][A-Z] \+\(.\+\), \+[0-9] [A-Z]\s[A-Z][A-Z].*$/\1/
\s/^\([ ][ ]*[ ]\)[ ]*/\1/
\s/\([ ]\)=>/\1 =>/[0-9]
[A-Z]%\s/^\([1-3]\),\(.*\)/\2,\1/[0-9]
[A-Z]%\s/^1,\(.*\)/\1,1/
[A-Z]%\s/1,\(.*$\)/\1,1/[0-9][-!"#$%&'*+,./[ \[\x00-\x1F\x7F]];<=>?@[\\\]_`{|}~]
[A-Z]%\s/\([0-9]*\)\(.\)\(.*\)/\3\2\1/
[A-Z][0-9]/'\(.*\)'/\s/$/[A-Z] \1/[0-9]
%\s/'\(.*\)'.*/& [A-Z] \1/
\s/\([A-Z]*\) \([A-Z][A-Z]\),/\1\|\2,/[0-9]
\s/^\(.*\), *\(.*\) \(..\), \([0-9][0-9][0-9][0-9][0-9]\)/\1|\2|\3|\4/
\s/ \([ ]\+\)$/|\1/
^\\[0-9]+(?[A-Z]([.,])\\[0-9]{3})*(?[A-Z](\\1)[.,]\\[0-9]{1,2})?$
([A-Z])(\1)(?[0-9])\1
([A-Z])(?[0-9])\1
\s# ([0-9]{2}/[0-9]{2}) #|\1|#
\s/([0-9]{2}\/[0-9]{2})/|\1|/[0-9]
\s/([0-9]{2}\/[0-9]{2})/|\1|/[0-9]
\s/ \([A-Z]*[0-9][0-9]*\)/\|\1/
#|([0-9]{4})\ ([0-9]{4})\ ([0-9]{4})\ ([0-9]{4})|#\1\2\3\4#[0-9]
\s/\([0-9]\) \([0-9]\)/\1\2/[0-9]
\s/\([0-9]\{4\}\) /\1/[0-9]
\s/\([\\]\)\(\\\)\([\\]\)/\1\\\\\3/[0-9]
(.{1})\\1{2,}
\s#[0-9]\+\([0-9]\+\).*#\1#
(.)\\1
\s/0*\([1-9]\)/\1/[0-9]
\s/(^|\.)0+([1-9])/\1\2/[0-9]
\s/(^|\.)(0)0*(\.|$)/\1\2\3/[0-9]
\s/(^|\.)0+([1-9])/\1\2/[0-9]
\s/(^|\.)(0)0*(\.|$)/\1\2\3/[0-9]
\s/\(.*\) \(.*\) \(2\.[0-9]*\) \(.*\)/\1 \2 \3   F   F   F/[0-9]
^\(.*\)\(\1.*\)
\s/.*,[ ]*\([ 0-9][\,]*\),/\1/[A-Z]
([AB])\1
.*(.)(.)(.)(.)(.)(.)(.).*[[A-Z]].*[[A-Z]].*[[A-Z]].*[[A-Z]].*\1\2\3\4\5\6\7.*[[A-Z]].*[[A-Z]].*
\s[A-Z][-!"#$%&'*+,./[ \[\x00-\x1F\x7F]];<=>?@[\\\]_`{|}~]=(['""]).*\1
(['""])[\1]*\1
\s#\(.*\)#<\s[A-Z][A-Z][-!"#$%&'*+,./[ \[\x00-\x1F\x7F]];<=>?@[\\\]_`{|}~]>\1</\s[A-Z][A-Z][-!"#$%&'*+,./[ \[\x00-\x1F\x7F]];<=>?@[\\\]_`{|}~]>#
\s#\(.*\)#<\s[A-Z][A-Z][-!"#$%&'*+,./[ \[\x00-\x1F\x7F]];<=>?@[\\\]_`{|}~]>\1</\s[A-Z][A-Z][-!"#$%&'*+,./[ \[\x00-\x1F\x7F]];<=>?@[\\\]_`{|}~]>#
\s/<\([>]*\)\*\([>]*\)>/<\1\2>/[0-9]
^(.)(.)[\2]+(\2)[\2]+(\2)$
\s#\(.*\)/.*#\1#
\s#\(.*\)/.*#\1
\s#\(.*\)/.*#\1#
(.)\1
\s/^\(>..........\).*/\1/
\s/^\(>.\{10\}\).*/\1/
\s/^(>.{10}).*/\1/[A-Z];[0-9]
\s/^(>.{10}).*/\1/
\s-.*/\([/]*/[/]*\)-\1/-
\s/.*[A-Z]\([ ][ ]*\).*/\1/
\s/\(.*\)\.V[0-9]*.*/\1/
(['"])['"]*\1
(.)\\1+
\s/(.{10}).{25}/\1/
\s/\([0-9]\{2\}\)\(\/\)\([0-9]\{2\}\)\(\/\)\([0-9]\{4\}\)\( \)/\5\1\3/
\s![/]*/[/]\+\(/[/]\+/\).\+/\(.\+\)\.[\.]\+!\1\2!
%\s/^\(.* \)[ ]\+$/\1/[0-9]
\s/.*\*\*\(.*\)\*\*.*/\1/[A-Z]
^('|").*\1
\s/^\(.\).*/\1/
(["']).*(\\)\1
(.)\1+
(.)\1
^(.)\1*$
([A-Z])\1+
\s/^[ ]* *[ ]* *[ ]* *.*[\.[A-Z]]\([0-9]*\) .*$/\1/
\s/([A-Z]);([A-Z])/\1 \2/[0-9]
(.)\1{2,}
(.)\1+
(.)\1{2,}
(0?[1-9]|[12][0-9]|3[01])([- /.])(0?[1-9]|1[012])\\2(19|20)\\[0-9]\\[0-9]
(?[A-Z]0?[1-9]|[12][0-9]|3[01])([- /.])(?[A-Z]0?[1-9]|1[012])\\1(?[A-Z]19|20)?\\[0-9]\\[0-9]
(0?[1-9]|[12][0-9]|3[01])([- /.])(0?[1-9]|1[012])\\2(19|20)\\[0-9]\\[0-9]
(.)\1 11
\s#\(/[[A-Z]]*\).*#\1#[0-9]
/.*((?[A-Z][0-9]{3}\/){2}[0-9]{3}\.j[A-Z][0-9])/\1/[0-9][0-9]
\s#.*(([0-9]{3}/){2}[0-9]{3}\.j[A-Z][0-9])#\1#[0-9]
\s/.*\(ABC XYZ\).*/\1/[0-9]
(\*{1,2}).+\1
(.)\1\1
(.)\1\1
\s/(\S)\\s+([<>])/\1\2/[0-9]
\s/^\(\(\\\\\)*\)\\0\(\(\\\\\)*\\0\)*/\1 /
\s/(<[A-Z]).*(>)/\1\2/
\s=^\([[A-Z]]*\)[A-Z][/]*/\([/]*\)/.*$=\1[A-Z]\2=
\s/^.*\([\x21-\x7E][0-9][0-9][A-Z].*[0-9]z\).*$/\1/
\s/^[|]*|\([|]*\)|.*/\1/
(.).*\1
^...(.).\1.$
\s/[\x21-\x7E][A-Z][A-Z]f="\(["]*\)\.[A-Z][\x21-\x7E][A-Z]"/[\x21-\x7E][A-Z][A-Z]f="\1"/[0-9]
\s/\(3[A-Z].*\)[A-Z]/_\1_/[0-9]
\s/\(2[A-Z] [0-9]\+\)/_\1_/[0-9]
\s/\(2[A-Z] [[A-Z]]\+\)/_\1_/[0-9]
\s/[0-9 ]* \(.*\)\[.*/\1/;/^$/[0-9]
(.)\1{2}(\1).\1{3}
([@#])[\\s\S]*\1
([@])\1{2,}
(A|B).*\1
(A|B).*[\1]
(A|B).*(\1)(A|B)
(.?)(.)(.)\3?\2\1
\s/.*\[\(.*\)\].*/\1/
((['\"]){2})*\\2
\s/^\(\([-]\|-[0-9]\)*\).*/\1/[0-9]
\s/[0-9][0-9][0-9][0-9][0-9] \([0-9]\)/\1/
\s/\(.*\)AA*$/\1/[A-Z]
\s/\(.*[A]\)AA*$/\1/[A-Z]
\s/\(A\) B \(C\)/\1 \2/[0-9]
(.)\1{3}
%\s/\([A-Z_]*\)[A-Z]/"\1"[A-Z]/
%\s/"\?\([A-Z_]*\)"\?[A-Z]/"\1"[A-Z]/
\s/^\( *[0-9][A-Z]\s[0-9] *[=]* *= *\).*$/\1$NEWVAR/
(.)\1
\s/^\(.\{6\}\).*$/\1/
\S{6,18}(\S)\1
\s/^..(.)..(.).(.).*$/\1 \2 \3/
\s/^..(.)..(.).(.).*$/\1 \2 \3/
(.)\1{2,}
(.)\1\1
\s/\(AAA\|BBB\),\([,]*\)/\1,{\2}/[0-9]
^.(.).*\1.*\1$
\s/^\([[A-Z]]*\)[A-Z]\([[A-Z]]*\)[A-Z]/\1[A-Z]TEST[A-Z]/
(.).*\\1
(?[0-9])(.).*\\1
^01.{15}([0-9]{6})\\s{1,2}08 \1 [0-9]{2}
([0-9])\1+
\s/\(.*\)/\U\1/
(.).*\1
\s/^.*{{\([{}]+\)}}.*$/\1/[A-Z]
\s/^\(.*\)\([A-Z]\{6\}[0-9]\{6\}\)\(.*\)$/\1\2\3 \2/
\s/^\([ ]*\) \(.*\) \([ ]*\)$/\3 \2 \1/
\s/^\.\/\([-]*\) - .*$/\1/
\s/^[-]* - \(.*\)\.[\.]*$/\1/
\s/^.*>\([<]*\)<.*$/\1/
[A-Z]%\s[A-Z]<\([>]*\)>\(.*\)</\1>[A-Z]\2[A-Z]
\s/(\D),/\1@/[0-9]
\s/M[0-9]\{3\}\([M]\+\).*/\1/[0-9]
\s!\(.*\) - \(.*\) - \(.*\)!\3!
\s!\(.*\) - \(.*\) - \(.*\)!\3!
\s/AAA\(.*\)BBB\(.*\)CCC/\1--\2 /
((.)(?[A-Z](\2)(.)|)($))
\s/^["].*["]$/&/;[0-9];\s/^"\(.*\)"$/\1/;\s/"//[0-9];\s/.*/"&"/
\s/<[>]*\/\([>]*\)>/\1/[0-9]
\s/{\([{}]*\)}/\1123/[0-9]
\s/\([;]*\).*/\1/
(.)\1
(.)(.)\2\2\2
(.)(.)\2{3}
\s/TXT\([;]*\);.*/\1/
/^ZZZ/ { \s/^.*\(<.*>\).*$/\1/[A-Z] }
([\\"'])(?[A-Z][\\"]|\\\\")+\\1
(.)\1
^(0|1)\\1{1,}$
^(0|1)\1{1,}$
^(0|1)\1+$
(.)\1{2,}
\s/.*(.{11}).{12}/\1/
\s/^.*\(1200[0-9]*\).*$/\1/
/.*[\x21-\x7E][A-Z][A-Z]f="\([0-9]*\/\)".*/![0-9];\s//\1/;q
\s/* \(.*\)/ \1 /
\s/* \(.*\)/\1/
((?[A-Z]A)?(?[A-Z]B)?)(\1{100})(?[A-Z]C)?
(.)(\1)
\s/.*\(.\{2\}[A-Z].\{0,6\}\).*$/\1/
\s/\(ABC \+\* \+\)[0-9]\+/\125/[0-9]
[A-Z]%\s/'\([']*\)'/"\1"/[0-9]
[A-Z]%\s/^\([ ^I]*\)\([ ^I]*\)[A-Z]/\1"\2"[A-Z]/
\s/\#<\(.*\)>/\1/
[A-Z]'<,'>\s/.*\/\(.*\)'/\1
([ATGC]{2})\1{2,}
\s/.*\(T[\x21-\x7E][0-9]\s\).*/\1/
\s/\(([0-9]{3})\)-([0-9]{3})-([0-9]{4})/\1\2\3/
[A-Z]%\s/\v\$(.{-})\[(['"$]@<!.{-})\]/$\1['\2']/
\s/^\([0-9]*\) [0-9].*$/\1/
.*(.)\1.*
[A-Z];\s/1='\([']*\)'.*/2=\1/
\s/^>\([\\s]\+\)\\s.*$/\1/
\s/\([0-9]\)\.\([0-9]\{5\}\)0000000000000[A-Z]+05/\1\2/[0-9]
(.)\1{2}
\s/^(.{37})(.{4})/\1    /
\s/^(.{37})(.{4})/\1    /
/^B[\\s]*\\s2\\s/\s/^(.{37}).{4}/\1    /
\s@[\\s]*([0-9]{1,3}.[0-9]{1,3}.[0-9]{1,3}.[0-9]{1,3})@\1@
\s_^\(\([/]*/\)*\)\(.*\)\(\.[\./]*\)$_\4/\3/\1_
\s_^\(\([/]*/\)*\)\([\./]\+\)$_/\3/\1_
\s_^\([/]*\)/\([/]*\)/\(.*\)$_\3\2\1_
\s/\(\.[.]*\)$/\/\1/
\s/\/\([/]*\)$/\1/
(.)\1
(.)\1+
\s/\(.\)/\1\+/[0-9]
\<\(.*\)\>.*\1
(.)\1
[\x21-\x7E][A-Z][A-Z]f *= *(\"|\').*\1
\s/^.*MG-\([0-9]*\).*/\1/
([A-Z]{3})/((\1)[A-Z]{3})
([A-Z]{3})/\1
\s/\.\([.]*\)$/.[0-9][\x21-\x7E].\1/
\s/(^|[.]{2})\.|\.($|[.]{2})/\1 \2/
((...))\1
/\(MY-[0-9]\{5\}\).*/ \s//\1/[A-Z]
\s/\(\.[0-9]*\)\([0-9]\.\)/\1 \2/
\s/[<]*<\([>]*\)>\([<]*\)<\([>]*\)>/[\1]\2[\3]/
(@)\1+|[,.]
(.).*\1
(.)\\1\\1
(.)\2+
("|')(?[A-Z][\\]|\\.)*\1
03([-./])19\176
(.)\1\1
([A-Z])\1
\s/\([ ]*\) \([ ]*\) \([ ]*\)/\2 \3/
[A-Z]%\s/\([ \\]\)"\([ ]\)/\1\\"\2/[0-9]
%\s/\([\\]\)\("\)/\1\\\2/[0-9]
\s/.*=\(".*"\)>\(.*\)<.*$/\1, "\2"/
\s/.*=\(".*"\)>\(.*\)<.*$/\1, "\2"/
/[\x21-\x7E][A-Z][A-Z]f=/ \s/.*=\(".*"\)>\(.*\)<.*$/\1, "\2"/[A-Z]
\s/^1([0-9]{10})$/\1/
\s;^1\([0-9]\{10\}\)$;\1;
(?\s)(.)\1
\s/.*\([0-9.]\+\)/\1/[0-9]
\s/.*-\([0-9.]\+\)/\1/
\s/.*[0-9.]\([0-9.]\+\)/\1/[0-9]
\s/[-]*-\([0-9]*\.[0-9]*\)/\1/
\s/\(\([{}]\)\2\)/\2/[0-9]
\s/^\(......\)\(..\)\(..\)\(....\)\(.*\)/\1\4\3\2\5/[0-9]
\s/^\(......\)\(....\)\(..\)\(..\)\(.*\)/\1\4\3\2\5/[0-9]
\s/\(<[>]*>\)\(.*\)\(<[>]*>\)/\1\2/
\s/\(<[>]*>\)\(.*\)<[>]*>/\1\2/
\s/\(PROJECT_NUMBER[ ]*=[ ]*\)[ ]*/\1$VERSION/
\s/^.*INSTANCE  *\([ ]*\) .*$/\1/
\s/^\(.\{3\}\)\(.\{13\}\)\(.\{6\}\)\(.\{3\}\)\(.*\)/\1\3\5/
\s|\(//[/]*/\).*\(-[0-9]\{7\}\).*|\1\2|
\s/\[[A-Z]\([\]*\]/\1/[A-Z]
\s/.*_\([0-9][0-9]*\)/\1/
\s/.*[A-Z]\([,]*\).*/\1/
\s/\(.*[A-Z]\s[A-Z][A-Z]=\).*/\1/
\s/\(.*[A-Z]\s[A-Z][A-Z]=\).*/#\1/
\s/\(.*[A-Z]\s[A-Z][A-Z]=\).*/#\1/
/\( *\)#/ !{\s/\([ =]*\)=.*/#\1=/;\s/^  / /;}
\s/^[']*'\([']*\)'[']*'\([']*\)'.*/\1 \2/
('|")[\1]*\1
\s#//[@]*@#//#;\s#\([/]\)/[/][ ]* #\1 #
\s/[A-Z]//[0-9];\s/.*\[\(.*\)\]/\1/
(.)\1
(.)\1?
\s/( )? *\\ *$/\1/
\s/\(.........\).........../\1XXXXXXXXXX/
\s/(.{9}).{11}/\1XXXXXXXXXX/
(.)\1{1}_\1{3}$/[0-9]
[A-Z]%\s/\([,]\+\)/"\1"/[0-9]
/^\(.*[A-Z]\)*\(.*\)$/\2/
\s/^\(.*[A-Z]\)*\(.*\)$/\2/
\s/.*(REGEX).*/\1/
^((.)(?1)\2|.?)$
(.)\1+
(.)\1+
([[0-9]])\1{1,}|([0-9]){4,}
([[0-9]])\1+|([0-9]){4,}
([[0-9]])\1+|([0-9]){4,}
^\(.\).*\1$
\s,\(.*</[0-9][0-9]v>\).*,\1,
\s,\(.*</[0-9][0-9]v>\).*,\1,
^(,,)\1+$
^(,,,)\1+$
\s/^\(.\)/\U\1/
\s/^\(.\)\([ ]* \)\(.\)/\U\1\E\2\U\3/
\s/^\([']*\)$/\L\1/
\s/\([']*\)\('[']*'\)/\L\1\E\2/[0-9]
\s/\('[']*\)$/\L\1/
(.).*\1.*\1.*\1
\s/v\([0-9]*\)\.\([0-9]*\)-.*-\([0-9]*\)-\(.*\)/\1 \2 \3 \4/[0-9]
\s/v\([0-9]*\)\.\([0-9]*\)-\([-]*-\)*\([0-9]*\)-\(.*\)/\1 \2 \4 \5/[0-9]
\s/.*([0-9]{1,3}\.[0-9]{1,3}\.[0-9]{1,3}\.[0-9]{1,3}).*/\1/[0-9]
/@/{\s/.*([0-9]{1,3}\.[0-9]{1,3}\.[0-9]{1,3}\.[0-9]{1,3}).*/\1/[A-Z];}
\s,^//[@/]*@\([/]*\)/.*,\1,[A-Z]
\s|/\([/]*\)/.*|\1|[A-Z]
\s/[\/]*\(\/[\/]*\/\).*/\1/[A-Z]
\s/.*\?__\(.*\)__.*/\1/[0-9]
\s/.*[\x21-\x7E][A-Z][A-Z]f="\(["]*\)".*/\1/
\s/.*([0|1]\.[0-9]{0,2})/\1/[A-Z]
\s/^ *> *\([0-9][.0-9]*\) *$/\1/[A-Z]
\s/^.*"\(["]\+\)".*$/\1/[0-9]
\s/\([,]*\),*/\1/[A-Z]
\s/\([,]*\).*/\1/[A-Z]
\s/\([,]*\),*$/\1/[A-Z]
(.)(.)\2\1
(\\S)\\1\\1
\s[A-Z] ([”])[A-Z]\1[A-Z][0-9]
\s/\([\\]\)\\0 /\1 /[0-9]
\s/.*\s[A-Z][-!"#$%&'*+,./[ \[\x00-\x1F\x7F]];<=>?@[\\\]_`{|}~]="\(["]*\)".*/\1/[A-Z]
(["']).*\1
C-[A-Z] C-\s ^[,]*,'\([']*\)',.* M-% \1 RET !
^[0-9]*([0-9])[0-9]*\1[0-9]*\1[0-9]*$
\s/(\.j[A-Z][0-9]).*/\1/
\s/\(\.j[A-Z][0-9]\).*/\1/
\s/(^| )"/\1``/[0-9]; \s/([$%])/\\\1/[0-9]
\s/(^| )"/\1``/[0-9];\s/"/
\s/\(^\| \)"/\1``/[0-9]
\s/([$%])/\\\1/[0-9]
\s/(^| )"/\1``/[0-9]
^(.)\\1*.$
(.)\\1*(!\\1)
\s/^.*=\([=]*\)=.*=.*$/\1/
\s;\(^[|]\+\)|.*\.\([\.]\+\.[\.]\+\.[\.]\+\)|\([|]\+$\);\1|\2|\3;
(.)\1+
(.)\\1+
(.)\1+
(.)(\1)
(.)(\\1)
((.))(\\1|$)
((.))(\1|$)
(.)\1{2}
\s/"\([0-9]*\),\([0-9]*\)"/\1\2/[0-9]
\s/\([0-9]\{4\}\)-\([0-9]\{2\}\)-\([0-9]\{2\}\)/\1.\2.\3/[0-9]
\s/([0-9]{4})-([0-9]{2})-([0-9]{2})/\1.\2.\3/[0-9]
\s#\([0-9][0-9][0-9][0-9]\)-\([0-9][0-9]\)-\([0-9][0-9]\)#\1.\2.\3#[0-9]
\s/\([0-9]\{4\}\)\-\([0-9]\{2\}\)\-\([0-9]\{2\}\)/\1.\2.\3/[0-9]
\s/^(.{10})[.]*/\1/
\s|[/]*/\(.*\)|\1|
\s/(2013-06)/@@@\1/[0-9]
\s/([0-9]{3})/\1\./[0-9]
\s/([0-9]{3})/\1\./[0-9]
\s/(^|\.)0{1,2}/\1/[0-9]
\s/\..*//; \s/.{3}/&./[0-9]; \s/(^|\.)0{1,2}/\1/[0-9]; \s/\.$//
\s/.{3}/&./[0-9]; \s/(^|\.)0{1,2}/\1/[0-9]; \s/\.$//
([.[A-Z],;]|\\s)\1+
TEST (["'])(\\?.)*\1|(=|AND|OR)
/\(.*\)/\1/
\s/(\$|\@)/\\\1/[0-9]
\s!.* \([ ]* [ ]*/f[0-9]\).*!\1![A-Z]
2\s/[.]*\.\(.*\)/\1/[A-Z]
\s/\(\$VAR[1-9]\$\)/"\1"/[0-9]
\s/^[0-9]*\([0-9]\{1,\}\).*$/\1/[A-Z]
(A|B)\4B\4
[A-Z]%\s/^\([,]*\),/[\1][A-Z]/
[A-Z]%\s/\(SC[0-9]*\)/[\1]/[0-9][0-9]
\( \(\1\) / \(\2\) \)
/ZTE/ \s/.*ID \([ ]\+\).*/\1/[A-Z]
\s/.*[A-Z][A-Z][0-9][0-9] = "\(.*\)",/\1/[A-Z]
/[\x21-\x7E][0-9][0-9][A-Z]\s_\s[A-Z][A-Z]v[A-Z][A-Z]/{N;\s/.*[A-Z][A-Z][0-9][0-9] = "\([ ]*\)",/\1/[A-Z]}
\s/.*[A-Z][A-Z][0-9][0-9] = "\([ ]*\)",/\1/[A-Z]
\s/.*[A-Z][A-Z][0-9][0-9] = "\([ ]*\)",/\1/[A-Z]
\s/.*[A-Z][A-Z][0-9][0-9] = "\(.*\)",/\1/[A-Z]
\s/\(^.*VARCHAR\(1000\).*$\)/--\1/I
^(.)\1{3,}
(.) \1
(.) \1
^([0-9])\1{9}$
^([0-9])\\1{9}$
(["'])  \1|([ ]{2})
\s[A-Z]^\(.\{10\}\)\(.*\)$[A-Z]\1^\1\2[A-Z]
\s[A-Z]^\(.\{1,10\}\)\(.*\)$[A-Z]\1^\1\2[A-Z]
/^1/\s/\(.\{4\}\)\(.\{9\}\)/\1123456789/
/^1/\s/(.{4})(.{9})/\1123456789/
\s/["]*"\(["]*\)"["]*/\1,/[0-9];\s/\(.*\),/\1/
\s/^(\([A-Z][A-Z]\))/\1/
([1-9])\1{4}
\s/^(.).*$/\1/
\s/[0-9]*[0-9][A-Z] \(.*\)/\1/
\(?([0-9]{3})\)?([ .-]?)([0-9]{3})\2([0-9]{4})
03[0-9]{2}-(0123456)(1234567)(2345678)(3456789)(4567890)(0987654)(9876543)(8765432)(7654321)(6543210)([0-9])(\1{6})[0-9]{6}
03[0-9]{2}-([0-9])(\1{6})[0-9]{6}
\s/\([,]*\),.*/\1/
\s/^.*\(SEP.*PATTERN.*SEP\).*/\1/[A-Z]
\s/[<]*\(<.*\)/\1/
\"([0-9]{6})\" - \"\\1@\"
\s|"([0-9]{6})"|"\1@"|[0-9]
^([ABC])([123])(\1\2)[ABC][123]$
\$(.[\$;])*[-!"#$%&'*+,./[ \[\x00-\x1F\x7F]];<=>?@[\\\]_`{|}~][-!"#$%&'*+,./[ \[\x00-\x1F\x7F]];<=>?@[\\\]_`{|}~][-!"#$%&'*+,./[ \[\x00-\x1F\x7F]];<=>?@[\\\]_`{|}~]\\1234(.[\$;])*;
\s#.*//\([/]*\).*#\1#
(["'])(?[A-Z]\\.|.)*\1
(.)\1
\s#\"[ ]*\([0-9]+\)[ ]*\"#\1#[0-9]
\s#\"[ ]*\([0-9]\{1,\}\)[ ]*\"#\1#[0-9]
\s/(^|    )\*(   |$)/\1\2/[0-9]
(.)\1
(.)\1
\s/\([0-9][0-9]*-[0-9][0-9]-[0-9][0-9] [0-2][0-9][A-Z][0-5][0-9][A-Z][0-5][0-9]\)\.[0-9]\{3\}/\1/[0-9]
\s/\([0-9][0-9\- [A-Z]]*\)\.[0-9]\{3\}/\1/[0-9]
\s/\([0-9][-0-9 [A-Z]]*\)\.[0-9]\{3\}/\1/
\s/\(..\)/\1[A-Z]/[0-9];\s/[A-Z]$//
(A)(B)(C)\1\2\3
\s/(^|\|)\\s+/\1/[0-9]
(.)\1
\\[0-9]{3}([.-])?\\[0-9]{3}\\1?\\[0-9]{4}|\\(\\[0-9]{3}\\)([.-])?\\[0-9]{3}\\2?\\[0-9]{4}
\s/^1\([0-9]\{10\}\)$/\1/
\(?([0-9]{2,5})\)?([ .-]?)([0-9]{2,5})\2([0-9]{2,5})
\(?([0-9]{2,5})\)?([ .-]?)([0-9]{2,5})\2([0-9]{2,5})
\s|^\([ ]*\) \([,]*,\)\{7\}\([,]*\),.*|\1 \3|
\s/^\(PIXEL_SCALE\\s*\)\([0-9]*\.[0-9]*\)/\10.3/
(.{2,})\1+
^(?[A-Z]A()|B()|C()){3}\1\2\3$
\s/^\(.\)\(.+\)\(.\)$/\3\2\1/
\s/\(.\)\(.+\)\(.\)/\3\2\1/
\s/^\(.\)\(.\+\)\(.\)$/\3\2\1/
\s/^\(.\)\(.*\)\(.\)$/\3\2\1/
\s/^\(.\)\(.*\)\(.\)$/\3\2\1/
\s/^\(.\)\(..*\)\(.\)$/\3\2\1/
\s/\(.\)\(.*\)\(.\)/\3\2\1/
\s/^([0-9]{2})-/\1[A-Z]/
\s/^([0-9]{2})-/\1[A-Z]/
(.)(\1)
(.)(?[A-Z](\1).){1,2}
\s/[-]*\-\(.*\)/%\1%/
\s/\([ ]\{1,\} \{1,\}\)\{2\}\(PREFIX_[ ]*\).*/\1/[A-Z]
\s/.* \(PREFIX_[ ]*\).*/\1/[A-Z]
\s/15=\([ ]*\)/\1/[0-9];\s/[0-9]\+[ ]\+ //[0-9]
\s[A-Z].*<\s[A-Z][0-9] [0-9][0-9]="1">\(.*\)</\s[A-Z][0-9]>.*[A-Z]\1[A-Z][A-Z]
\s[A-Z].*\(<\s[A-Z][0-9] [0-9][0-9]="[0-9]\{1,\}">.*</\s[A-Z][0-9]>\).*[A-Z]\1[A-Z][A-Z]
^.*(.).*\1.*$
\s/^[0-9-]\{10\} \([0-9,[A-Z]]\{1,\}\) .*/\1/[A-Z]
\s/[0-9]*\/\([0-9][0-9]*\)/\1/
(.)\1{9,}
^(.)\1{9}$
^(.)\1*$
(.)\1{9}
\s/([ ])([0-9]{2})[A-Z]([0-9]{2})[A-Z]([0-9]{2})/\1\2_\3_\4/[0-9]
\s/\([ ]\)\([0-9]\{2\}\)[A-Z]\([0-9]\{2\}\)[A-Z]\([0-9]\{2\}\)/\1\2_\3_\4/[0-9]
__\((['"]).*\1\)
([A-Z])\1{1,}
[A-Z]%\s/^\([A-Z][A-Z][0-9].*[0-9]\{6\}\)_/\1,/[0-9]
^(.)\1+$
.*(.).*(\1).*
([A-Z]{3,}).*\1
([A-Z]{3}).*\1|([A-Z])([A-Z])\1\2\1
(.)\1
([-_])\1+
(....)\1\1
(....).*\1.*\1
.*(.)\\1.*
(.)\1
(.)\\1
(.)\1
(.).*\1
(.).*\\1
^([0-9]{8}$)(.)\1*.+(12345678|87654321)
^([0-9]{8}$)(12345678|87654321).*(.)(\1).+
^(FF)\\1*$
(...).*\1
\s/\([\ |       \]*\/\1\
\s/\([\ |  \]*\/\1\
\s/\("["]*"\)* \("["]*"\)*/\1,\2/[0-9]
\s/\("["]*"\)* \("["]*"\)*/\1,\2/[0-9]
\s/\.\([0-9][0-9]f|j[A-Z][0-9]\)\( |$\)/\1/[0-9]
\s/^\([ ]* \)\([ ]*\)\( \2\)* /\1\2 /
\s/.*\([0-9]\{1,\}\.\{0,1\}[0-9]*\) *$/\1/
\s@\(^\| \)\([\x21-\x7E][0-9][0-9][A-Z][A-Z][ ]*\)@\1<\2>@[0-9]
\s@\([\x21-\x7E][0-9][0-9][A-Z][A-Z]//\S\+\)@\<\1\>@[0-9]
\s@\(^<[>]*>  <[>]*>  \)\([<].*$\|<.\{0,7\}$\|<\([[\x21-\x7E]]\|[\x21-\x7E][[0-9]]\|[\x21-\x7E][0-9][[0-9]]\|[\x21-\x7E][0-9][0-9][[A-Z]]\|[\x21-\x7E][0-9][0-9][A-Z][[A-Z]]\|[\x21-\x7E][0-9][0-9][A-Z][A-Z][/]\|[\x21-\x7E][0-9][0-9][A-Z][A-Z]/[/]\).*$\)@\1\
\s/^\(\(\\.\|["\\#]*\|"["]*"\)*\)#.*$/\1/
(= |=|&|\||%)(\+|-)( |=|\1)
[A-Z]%\s/\([\^|]\)\"\([$|]\)/\1\2/[0-9]
\s/^.\{35\}\(.\{9\}\).*/\1/
/[--|==]>/{\s/.*\(. [=|-][-|=]> .\).*/\1/[A-Z]}
\s/([0-9])(\*)([0-9]),/\3,/[0-9]
\s/\([0-9]\)[0-9]*/\1/[0-9];\s/\(...\)\(...\)\(....\)/\1-\2-\3/
\s/\.\|\(=.*\)/_\1/[0-9];\s/_=/=/
([,])\1+\\s*
^(.)\1*$
^(.).*((\1).)
\s/.*\(ADDR=[|]*\) |.*/\1/
\s/.*\(SNAP=[|]*\) |.*/\1/
^([0-9]{4})-\1$
^([0-9]{4})-(\1)[0-9]{4}$
^([0-9]{4})-(\1)[0-9]{4}$
[A-Z]%\s/\(\;\)\(\\s\)\(\DNA\)/\3\4/[-!"#$%&'*+,./[ \[\x00-\x1F\x7F]];<=>?@[\\\]_`{|}~][0-9]
[A-Z]%\s/; \+\(DNA \+[;]*\) \+;.*/\1/[-!"#$%&'*+,./[ \[\x00-\x1F\x7F]];<=>?@[\\\]_`{|}~][0-9]
\(?([0-9]{2})\)?([ ]?)([0-9]{4})\2([0-9]{4})
\s/\(.*\) /\1@/
\s/^\("["]*"[A-Z] \)"\([0-9][0-9]*\(\.[0-9]*\)\?\)"/\1\2/
\s/  \([ ]\)/ \1/[0-9]
([0-9])\1\1\1\1\1
^([A-Z])[A-Z]+[A-Z]([A-Z]{4})[A-Z]+[A-Z]\1\2$
(.)((\1{3}))
\s/.\(.\{7\}\).*/&\1/
(.)\1
\s/.*\[\(.*\)\]/\1/[A-Z]
(.)\1
\s/.*\-D\(.*[\\s\|$]\)/\1/[A-Z]
(.)\1*
(['"]).*\1|(%)
(['"]).*\1
([\"']).*\\2
/CDATA\[[\x21-\x7E][0-9][0-9][A-Z][A-Z]\/\//\s~^.*CDATA\[\([>]\+\)\]\].*$~\1~[A-Z]
^(..)\1*$
\s#/\([/]*\)/#\1#
([A-Z])[A-Z]?\1[A-Z]* 
\s/5_[0-9]*_\(.*\)/\1/
(XXX_(.)_XXX)(.)*(YYY_\2_YYY)
\s/\({ *[\x21-\x7E][0-9][0-9][A-Z][|]*\)|\([|]*}\)/\1##\2/[0-9]
\s/.*/ & /;\s/ /  /[0-9];\s/GAZ/³/[0-9];\s/ [ ³]\{1,\} / /[0-9];\s/³/GAZ/[0-9];\s/  */ /;\s/.\(.*\)./\1/
\s/.*\([0-9][0-9]\)[ y].*/\1/
\s/^[0-9]*\([0-9][0-9]\)[ y].*/\1/
\s/^\([0-9]*\([0-9][0-9]\)[ y]\)\{1\}.*/\2/
\s/[0-9]*([0-9][0-9])[0-9]*([0-9][0-9]).*/\1/
\s/[0-9]*([0-9][0-9])[0-9]*([0-9][0-9]).*/\2/
(.)\\1+
(.)\\1+
(.)(\1)
/\/(.)(.)\1\2\/\1\2\1\/\1\2\.[A-Z][\x21-\x7E][A-Z]/
\s/.*[\x21-\x7E][A-Z][A-Z]f="\(.*\)".*/\1/[A-Z]
\s/\("["]*"\|[0-9.]*\)\\s\\s*/\1,/[0-9]
\s/f[0-9].\(*\)/[0-9][0-9].\1/[0-9]
$\s[0-9][A-Z] =~ \s/(.)\1+/$1/[0-9];
\s/.*\([0-9]\.[0-9]\.[0-9]\-[0-9]\+\)$/\1/
\s/\(1234[A-Z]\).*\(.\)/\1$1\2/
\s/\(1234[A-Z]\)["]*/\1
\s/\(1234[A-Z]\)["]*/\1
\s/\(1234[A-Z]\).*/\1
$\s/^.* \([1-9][0-9]*\)\.[.]*$/\1/[A-Z]
\s/\(.*\)\(,OC,\)\(.*\)/\1/[A-Z]
\s/\(["]*"[.]*\).*/\1"/
^\(([0-9])(\1{2}\) \1{3}-\1{4})[0-9]{2}\) [0-9]{3}-[0-9]{4}$
\s/(\W)\1+/\1/[0-9];
\s/(.)\1+/\1/[0-9];
\([ ]\+\)[ ]+\1\1\1
\s/^\(\S\+\\s\+\)\{8\}\(.*\)/\2/[A-Z]
(.)\1\1
\s/([[[A-Z][0-9][0-9][0-9][0-9][0-9][A-Z]]]) +/\1|/[0-9]; \s/ +([[[A-Z][0-9][0-9][0-9][0-9][0-9][A-Z]]])/|\1/[0-9]
\s/ *\(|\) */\1/[0-9]
\s/|\([|]\+,[|]\+\)|/|"\1"|/[0-9]
^.*(.).*(\1)$
^(.)\1*$
^(.)\1*$
\s/\([,]*\).*/\1/[0-9]
\s/\([,]*\).*/\1/[0-9]
(([A-Z])([A-Z])[0-9]{5}\5\4)
(.)\1
(.)\1+
(.)\1
[A-Z];\s/\(.*\)~20[0-9]\{6\}-[0-9]\{6\}\(.*\)/\1\2/
\s/^^\(..*\)$/\1/
\s/DATA\(.*\)/&#\1/;\s/.*DATA\(.*\)#\1/\1/
\s/^(.{4})(.{2})(.{2}) (.{2})(.{2})(.{2})000/\1-\2-\3 \4[A-Z]\5[A-Z]\6/;\s/,0$//
(.)\1{2,}
[0-9]\((['"])\K.*(\1\))
^(0?[1-9]|[12][0-9]|3[01])([-./])(0?[1-9]|1[012])\\2((19|20)\\[0-9]\\[0-9])$
%\s/<.*>\(.*\)<.*>/\1/[0-9]
(.{1,4})\1{4,};
\s/.*\(0\/[0-9]\+\).*/\1/[0-9]
\s/^[⎵]*⎵\([⎵]*\)⎵.*/\1/
(.)\1{9,}
%\s/^\([[A-Z]]*[A-Z][[A-Z]]*[A-Z][[A-Z]*]\)[A-Z]\(.*\)/\1[A-Z]1[A-Z]\2/
1 \s/^.*\(\"\".*\)/\1/
1 \s/^.*\(\"\".*\)/\1/
^(.)\1{1,}$
^(.)\1+$
(.)\1
^([0-9])\1{2}\.\1{3}\.\1{4}$
\+\(?([0-9]{2})\)?([ .-]?)([0-9]{4})\2([0-9]{4})
\+\(?([0-9]{2})\)?([ .-]?)([0-9]{4})\2([0-9]{4})
\+\(?([0-9]{2})\)?([ .-]?)([0-9]{4})\2([0-9]{4})
\\+\\(?([0-9]{2})\\)?([ .-]?)([0-9]{4})\\2([0-9]{4})
(.)\1*
\s/0([0-9]{3})\./\1./
/(.)/\1\1/[0-9]
(.)\\1+
^(.).*\\1$
\s/"\(["]*\)"/\1/
[A-Z];\s/\(.*·\)..*/\1/;[0-9]1
(["']).....\1
(['"])(?[A-Z]\\.|.)*\1
(.).*\1
\s/.*_\([0-9]\+\).*/\1/
\s/.*_\([0-9]\+\).*/\1/
[0-9]+\.0*[0-9]*([0-9]{2,})\1[0-9]*
(.{5,})\1
\s/\([0-9]\) \([0-9]\)/\1,\2/[0-9];\s/\([0-9]\) \([0-9]\)/\1,\2/[0-9]
(.)\\1[A-Z]
^(.)[[A-Z]].*\1$
^(.)([A-Z]).*\1$
^(.).*\1$
^(.)[[A-Z]].*\1$
/![#]/ \s/\(^.*BBB.*$\)/#\ \1/
/![#]/ \s/\(^.*BBB.*$\)/#\1/
\s#.*[A-Z]\([0-9]*\)".*#\1#
(.{2,})\1+
^([0-9])\\1+$
^([0-9])\1+$
\s/.*\"\(["]\+\)".*/\1/[A-Z]
\s/\(.*\EID[A-Z]......\).*/\1/[0-9]
(?<N>[01])+(?<-N>\\[0-9]{N})+(?(N)())
<([0-9][\x21-\x7E]|[0-9][0-9])>.*<\/\1>
\s/([ ]) ([ ])/\1_\2/[0-9]
\s/(AUTO_INCREMENT)=[[[A-Z][0-9][0-9][0-9][0-9][0-9][A-Z]]]+/\1=0/
(.)\1
\s/\(;[0-9]\{1,\}\)\.\([0-9]\{4\}\)/\1,\2/[0-9]
\s/(;[0-9]{1,})\.([0-9]{4})/\1,\2/[0-9]
\s/\(;[0-9]\+\)\.\([0-9]\{4\}\)/\1,\2/[0-9]
\s/<CITY>\(.*\)<\/CITY>.*<COUNTRY>\(.*\)<\/COUNTRY>/<ADDRESS>\1 \2<\/ADDRESS> /[0-9]
\s/<CITY>\(.*\)<\/CITY>.*<COUNTRY>\(.*\)<\/COUNTRY>/<ADDRESS>\1 \2<\/ADDRESS> /[0-9]
\s/\([0-9]+\.[0-9]*\)\\s*/\1/[0-9]
\[([0-9])\].+\[\/\1\]
\s/\(\(^\||\)[|,]*,\) \?\|, \?/\1 /[0-9];
^(.)(\1)
((\\)["']).+(\\)\1
\s/\(.*\)\^2/\1\*\1/[0-9]
^.*([.[A-Z];,])\1.*
(['"])\1
\s/\(\([|]\)|\)*/-f \2\/\4 -f \6\/\8/
\s/\([|]*\)|\([|]*\)|\?/-f \1\/\2 /[0-9];\s/ $//
\s/.*C[0-9][0-9]y[A-Z]<\/[A-Z]><\/[0-9][0-9]>.*<[A-Z]>\(.*\)<\/[A-Z]><\/[0-9][0-9]>.*/\1/[A-Z]
(\"|\').*(\1)
((.)\2{9})\2+
(.{5,})\1
(.{5,})\1
\s/\(.*[A-Z] \)\(.*\)/\1'\2'/
\s/\([[A-Z]]*[A-Z] \)\(.*\)/\1'\2'/
\s/\([[A-Z]]*[A-Z]\\s*\)\(.*\)/\1'\2'/[0-9]
([0-9])\1{4}
^([01]?\\[0-9]\\[0-9]?|2[0-4]\\[0-9]|25[0-5])\\.(\\1)\\.(\\1)\\.(\\1)$
^([1-9])\1[0]$
[A-Z]%\s/{\\[0-9][0-9] \(.*\)}/\1/[0-9][-!"#$%&'*+,./[ \[\x00-\x1F\x7F]];<=>?@[\\\]_`{|}~]
\s/^.*_\([[[A-Z][0-9][0-9][0-9][0-9][0-9][A-Z]]]\+\)\..*$/\1/
\s/<\(.*\)>/\1/[0-9]
\s/.*<\(.*\)>.*/\1/
\s/^\(9\.[0-9]15\).*/\1/
\([{}]\)\1
\s/^\(\([,]*,\)\{5\}[.,]\+\),/\1./;\s/^\(\([,]*,\)\{10\}[.,]\+\),/\1./
\s/[A-Z][0-9]+[A-Z][0-9]+\(\\s\)/[A-Z]0[A-Z]0\1/
([A-Z])(\1)[A-Z]
\s/{\([{}]*\)}/\U\1/[0-9]
\s/{\([{}]*\)}/\U\1/[0-9]
^(.)\1+$
\s~\(.*\)/[.]*~\1~
\s/(.)\1+/\1/[0-9]
(.)\K\1+
([0-9]) *\1
\(?([0-9]{3})\)?([ .-]?)([0-9]{3})\2([0-9]{4})
^(\S)[A-Z]$% \1\[[A-Z][A-Z]\]
\s/\(.*\)[A-Z][A-Z]/\\\1[A-Z][A-Z]/[0-9]
\s/\([A-Z]\)/-\1/[0-9]
\s/\([A-Z]\)/-\1/[0-9]
\s/^.* \(".*"$\)/\1/
([0-9])[A-Z]\1
\s/\([0-9]*\)\.\([0-9]*\) M/\1\200000/
\s/\.\([,]*\) M/\1000000/
"(\([\]*&[0-9][0-9];[\]*\" => \3
(.)(.)\2\1
\s/(.)/\\\\\1/[0-9]
\s/"\(["]\+\)"/\\q{\1}/[0-9]
\\s*\S+[A-Z](["'])?.*(?[A-Z]\1|\\s|$)
(.)\1
[ ]*(.)\1[ ]*
(.)\1
(.)\\1+
((.)\\2{2})\\2+
\s/\(.*\)-.*/\1/
\s/^\([[[A-Z][0-9][0-9][0-9][0-9][0-9][A-Z]]]\)/\$\1/
((....))\1
\s/^\(\([,]*,\)\{2\}[,]\{5\}\)[,]/\12/
\s/;\(;\)/;\\N\1/[0-9]
[A-Z];\s/^(;)|(;);|(;)$/\2\3\\N\1\2/[0-9];[0-9]
(INFO1[A-Z]).*(\1|$)
(.)(\1){2,9}
((.))(\1)
\s/|/| /[0-9];\s/| \([|]\)/|\1|/[0-9]
(["']).*\1(\\["'])
\s/ *\([0-9]*\) /\1,/
(?[A-Z]^')?(.')\1*(?[A-Z].$)?
(.)\\1+
([\x21-\x7E][A-Z][A-Z]f=)(['"])[\2]+\2
\s/^.*([0-9]{4}-[0-9]{2}-[0-9]{2}).*$/\1/
\s/[_]\+_\([.]\+\).*/\1/
((.))(\1)
\s/^\([@]*;\)\?\([&;]*@[&;]*\).*/\2/
\s/^["]*"\(["]*\).*\(.[ ]\)/\1 \2/;
\s/^["]*"|"[ ]*( ).*(.[ ])/\1\2/[0-9]
(.)(\1).*\1
\s/(\.[0-9]{2})/\1,/
\s/\([_]\+\).*\(_.*\).*/\1\2.z[0-9][A-Z]/
^(.{3}).*\1$
ATG([AGCT])\1{2}(?[A-Z]TGA|TA[AG])
\s/\(^\).\($\)/A \1\2 Z/[0-9]
0([./-])0\\1(0)
0([\.\-/])0\1[0]
\s/0\.([0-9][0-9]).*/\1/
\s/0\.([0-9][0-9]).*/\1/;\s/^0//
\s/0\.(([1-9][0-9])|0([0-9])).*/\2\3/
18\s/=\\s*{\\s*\("["]*"\)\\s*,\\s*\("["]*"\)\\s*}/= \1/; 18\s/=\\s*{\\s*\("["]*"\)\(\(\\s*,\\s*"["]*"\)\{1,\}\)\\s*,\\s*"["]*"\\s*}/= { \1\2 }/
(.).*\1
((...))\1
\([A23456789TJQK]\)\(.*\1\)\{3\}
\([A23456789TJQK]\).*\1.*\1.*\1
(G{2,5})([ACGT]{1,7})\1([ACGT]{1,7})\1([ACGT]{1,7})\1
35,40\s/^\(.\{9\}\).*/\10123456789/
35,40\s/^\(.\{9\}\).\{10\}/\10123456789/
\s/;[-0-9]*\([0-9]\{1,\}\)[;]*;$/;\1;/;[0-9];\s/[;]*;$/0;/
\s/.*\`\(.*\)'/\1/[0-9]
\s/\(.\{15\}\)\(.\{4\}\)\(.\{69\}\)\(.\{5\}\)/\1,\2,\3,\4/
\s/\([A-z ]*\) .*/\1/[0-9]
([0-9])(\1)
^(.).*\1$
^(.).*\1$
^(.)_.(\1)$
^(.).*(\1)$
[A-Z]%\s[A-Z]\"\(["]*\)\"[A-Z]\1[A-Z][0-9]
\s/^[[[A-Z][0-9][0-9][0-9][0-9][0-9][A-Z]]]*[[[A-Z][0-9][0-9][0-9][0-9][0-9][A-Z]]]\+[[[A-Z][0-9][0-9][0-9][0-9][0-9][A-Z]]]*\([[[A-Z][0-9][0-9][0-9][0-9][0-9][A-Z]]]\+\).*/\1/
\s/< \(.*\) \(.*\) >/< \1\2 >/[0-9]
\s/< \(.*\) \(.*\) $/< \1\2 /[0-9]
\s/^ \(.*\) \(.*\) >/ \1\2 >/[0-9]
\s/[[A-Z]]\+..\([;]\+\).*/\1/
\s/\([[[A-Z][0-9][0-9][0-9][0-9][0-9][A-Z]]]\{1,\}\)/!\1/[0-9]
[A-Z]%\s/,(\S)/, \1/[0-9]
%\s/,\(\S\)/, \1/[0-9]
[A-Z]%\s/,\(\S\)/, \1/[0-9]
^(\\[0-9])\\1{2}.\\1{3}.\\1{3}-\\1{2}$
\s/\(X[0-9]*\).*[0-9]\([0-9]{3}\)[0-9].*\([0-9][0-9][A-Z][0-9][0-9]\).*/ \1 \2 \3/[0-9]
\s/\([,]\+,[_]\+\)[,]\+,\([[A-Z]]\+[A-Z][0-9]\{2\}\).*/\1 \2/
\s/%[-!"#$%&'*+,./[ \[\x00-\x1F\x7F]];<=>?@[\\\]_`{|}~]\([0-9]\+\)/\1/
/([A-Z]325F)/ \s/^/\1/
\s/^\([[A-Z]]*\)[A-Z]\([|]*\)/\2[A-Z]\1/
(.)\\1*
[A-Z]%\s/^\(........\)\(.........\)\(...................\)/|\1|\2|\3/[0-9]
\s/.*(<REGEX>)/\1/[0-9]
/^(.{1,95}).*/\1/
(.{2,})\1
^(.{2,})\1$
(.)\1
KEY=(['\"])VAL\1
([1-7]{1}),(?[A-Z][1-7]{1},)*(?[A-Z]\1|[1-7,]|(?[A-Z][1-7]{2,}))
([1-7]{1})(?[A-Z][1-7,])*\1|[1-7,]+
(.)\1
\s/\([ ]*\) \(.*\)/| \2 | \1 |/
([1-7]{1}),(?[A-Z][1-7]{1},)*(?[A-Z]\1|[1-7,]|(?[A-Z][1-7]{2,}))
/^.L.........\\s\(.*\)\\s->\\s.*/![0-9]; \s//\1/
\s/^\* \(--.*\)[A-Z]$/\1/[A-Z]
([.])\1+
(.)\1+
(\.)\1+
(..).*\1
([0-9])=\1
\s/^.{3}(.{3}).{3}(.{6}).{5}(.{4}).*$/\1 \2 \3/[0-9]
^([0-9])(\1)$
^([0-9])(\1)$
[A-Z]; \s/\(..\)\(..\)"$/\2\1"/
[A-Z]; \s/\(..\)\(..\)$/\2\1/
\s/\(..\)\(..\)"$/\2\1"/'
[A-Z]; \s/\(..\)\(..\)"$/\2\1"/
[A-Z]; \s/\(..\)\(..\)$/\2\1/
\s/^([0-9]{21})([A-Z]{3,10})$/\1 \2/
^([@]{5,})[@]{1,}\.\1@[@]+$
^(.)\1+$
^(000|666)[0-9]{3}([ -]?)(00)[0-9]{2}\1(0000)[0-9]{4}$
\s/^.?([RD]).*$/\1/
\s/^.?([RD]).*$/\1/
\s/\([,]*\),\([,]*\)/\2,\1/
\s%\([/]*\)/\([/]*\)%\2/\1%
(.)\1\1
([0-9])\1\1
([0-9])\1{2}
\s/.*[]\([,]\{1,\}\),\([,]\{1,\}+\),\([,]\{1,\}\),\(.*\)/[\1,\4],[\3,\4],[\3,\2],[\1,\2]/
\s/^.*\?[-0-9]*\([,]*\),\([,]*\),\([,]*\),\([,]*\)/[\1,\4],[\3,\4],[\3,\2],[\1,\2]/
\s/\(.*\)@.*/\1/
\s/,\(FAIL\).*/ \1/
\s/^\(.\+\)[A-Z]\/\/\([\/]\+\)\/\?.*$/\1 \2/
([\\\s\\-\\!])\\1+
[A-Z]%\s/\[\(.*\),\(.*\),\(.*\)\]/[\3,\1,\2]/
[A-Z]%\s/\(123\),\(456\)/\2,\1/
^((.)(?1)\2|.?)$
\s/\(.*\),/\1/[0-9]
\s/\(.*\),/`SOMESCRIPT \1`/[0-9]
\s/\(.*\),/`SOMESCRIPT `\1/[0-9]
((["'])).+(\1)
(["']).+\1
\s/.\.\([.][.]*\)$/.\1/
\s/.\(....\)$/\1/
([0-9][A-Z]\s[0-9])\1
\s/(.{30})  /\1/
(.)\1+
^(.)\1+$
(.)\1
(.)\1+
\s/^\(.*\)\(.\{3\}\)$/\1\U\2/
((...))\1
\s/^\([,]*\),.*/\1/
\s#\(.\)/\(.\)#\1+\2#[0-9]
(.)~\1+\2~[0-9]; \s~(.)
\s/\([\/]\)\/\([\/]\)/\1+\2/[0-9];\s/\([\/]\)\/\([\/]\)/\1+\2/[0-9]
\s/\(.*\)\(-.*\)/\1/[0-9]
\s/\(.*\) \(.*\)/\2 \1/
\s/ +§/§/;\s/ \([ ]*§\)/,\1/
\s/ \([ ]*§\)/,\1/
\s/^\([|]*|[|]*\)\(\(|[|]*\)\{4\}\)$/\1|\2/
(['"])['"]*\1
(['"]).*\1
\s/[]*//[0-9]; \s/^[,]*,//; \s~\(/[0-9]\{4\}\)[,]*~\1~[0-9]
[A-Z][A-Z][A-Z][A-Z].(.)00.{\1}
\s/^.(.{6}).*$/\1/[0-9];
/^.{7}/ {\s/^.(.{6}).*$/\1/[0-9];[A-Z]}
\s/^\(@\s[A-Z][A-Z]v[A-Z][A-Z]_[0-9][A-Z]=\).*/\1127.0.0.1/
/^[-+0-9 ]+$/ {\s/[0-9]//[0-9]; \s/([0-9])/\1, /[0-9]; [A-Z];}
(.)\1{4}
(.)\\1{3}
(.)\1{3}
(.)\1+
[A-Z]%\s/\"\(["]*\)\"/[A-Z]\1/[0-9]
(.)\\1{1,}
(.)\\1+
(.)\\1+
(.)\\1+
([A-Z])([A-Z])([A-Z])\3
((.))(\\1)
\s/\.\([,]*\),/,\1/[0-9]
\s/\(.*\)/"\1"/
(.).*\1
\([,]*\),\([,]*\)\.\([,]*\),,\([,]*\),\([,]*\),\([,]*\),\([,]*\),\([,]*\),\([,]*\),\([,]*\),\([,]*\),\([,]*\),/\1,\2,\3,\4,\5,\6,\7,\8,\9,\10,\11,\12,
([0-9])\1
(.)\1
(.)\1
.*(.).*\1+.*
\s/|/ /7[0-9];\s/.\(|2016\)/|\1/
\s/\([0-9]\)-\([0-9]\)/\1\2/[0-9]
\s/\([0-9]\)-\([0-9]\)/\1\2/[0-9]
(.).*(\\1)
(.)\1{9,}
(11)\1+
\s/.*\([0-9]\{8\}\) <\/[0-9][0-9]><[0-9][0-9]>\([<]*\) .*/\1 \2/
([0-9]) *\1{1}
([0-9]) ?\1{8}
([0-9]) *\1{8}
([0-9]) ?\1{8}
\s/^\(      \)\([ ]\+\)$/\1  \2/[0-9]
([0-9])\1\1\.\1\1\1\.\1\1\1-\1\1\1
([0-9])\\1\\1\\.\\1\\1\\1\\.\\1\\1\\1-\\1\\1\\1
\s/[0-9]+,\([0-9]+\),[0-9]+,\([0-9]+\),[0-9]+,\([0-9]+\).*/A[A-Z]\1\/B[A-Z]\2\/C[A-Z]\3/
\(.*\)\(.\)\4
\s#\(.*\)\(.\)\2\(.*\)\(.\)\4#\2\2 &#
\s/^.*([0-9]{4}-[0-9]{2}-[0-9]{2}).*\(([0-9]{8})\).*$/\1 \2/
\s/^.*\(([0-9]{8})\).*([0-9]{4}-[0-9]{2}-[0-9]{2}).*$/\2 \1/
\s/.*\(([0-9]{8})\).*([0-9]{4}-[0-9]{2}-[0-9]{2}).*/\2 \1/;\s/.*([0-9]{4}-[0-9]{2}-[0-9]{2}).*\(([0-9]{8})\).*/\1 \2/
\s/([0-9.])\.([0-9])/\1. \2/[0-9]
\s/([.])$/\1./[0-9]
(.)\\1
.*(.)\\1.*
(.)\\1
.*(.)\\1.*
\s/ \([ ][ ]*\)$/,\1/
(.)\\1+
(34)5\1
\s/{ \(.*\), \(.*\) }/\[\1\] = \2/[0-9]
\s/\([0-9],[0-9]\)/[\1]/[0-9]
\s/^\(.*\)$/[\1,]/
^\(?([0-9])\1{2}\)?\1{3}-?\1{4}$
([A-Z0-9.,-])\1
(.)\1+
()(?[A-Z] \1){2}
"/^\(.\{5\}\).*$/\1/
\s/.*\.\(2016[0-9]\{4\}\)\(.*\)/\1/[0-9]
(.)\1{4}
([A-Z])([A-Z])\2\2\1
([0-9]? ?)?(([0-9]{3})|(\([0-9]{3}\)))( |\-)?\2\5?\2[0-9]
([...])\1+
\s/\(["]\),/\1",/
\#(.)\1(.)\2(.)\3
(.)\1\1
(").*\1
(?[A-Z]([\"\'])|(\()|(\[)).+(?(1)\1|(?(2)\)|\]))
(\S{2,})\1+
(_[\S]{2,})\1+
/\(.*\)~20[0-9]\{6\}-[0-9]\{6\}\(.*\)/\1\2/
\s/\(.*\)-.*/\1/
\s/\([-]*\).*/\1/
/^\(.*\)\(_[0-9]\)\(.*\)\.fq$/\1\3\2.fq/
\s/^\(.*\)\(_[0-9]\)\(.*\)\.fq$/\1\3\2.fq/
\s/^\(.*\)\.\(.*=.*\)$/\1_\2/[0-9]
\s/^\([=]*\)\./\1_/
\s/\([A-Z][0-9][0-9]\)\.[0-9]\{2\}/\1/[0-9]
\s/\([A-Z][0-9][0-9]\)\.[0-9]\{3\}/\1/[0-9]
\s/\([A-Z][0-9][0-9]\)\.[0-9]\{1,3\}/\1/
^(.)(\1{2})
(.)\1
\s/\([0-9]\),\([0-9]\)/\1.\2/[0-9]
\s#\([=]\+\)=\(.*\)#<\1>\2</\1>#
\s#\([=]\+\)=\(\\s*B[0-9]*.*\)#<\1>\2</\1>#
.*/\([/]*\)/\([/]*\)/\1-\2[/]*
.*/\([/]*\)/\([/]*\)/\1-\2[/]*
\s/([0-9]{4})-([0-9]{2})-([0-9]{2})/\1[A-Z]\2[A-Z]\3/[0-9]
(\\s|^)\2(\\s|$)
^(?[A-Z]\+[0-9]{2}\\s)?(?[A-Z]\([0-9]{3}\)|[0-9]{3})\\s[0-9]{3}(-|\\s)[0-9]{2}\1[0-9]{2}
\s/_//[0-9]; \s/(^[0-9]{11}).*/\1/
([\D])(\1)
([\"'])[\1]*\1
\s/"\(["]*\)"/“\1”/[0-9]
\s/\(ENSG[0-9]\+\).*\(ENST[0-9]\+\)\(.*\)/NASCENT_\2 | \1\3/[0-9]
\s/\(.*\)[A-Z]\([0-9]\+\).*/\1 \2/[A-Z]
(\\[0-9])\\1{14}
(\\[0-9])\\1{14}
(MINISTÉRIO)[\\s\S]*(,\1)
(MINISTÉRIO)[\\s\S]*(^(\1))
(^MINISTÉRIO)[\\s\S]*(\1)
(MINISTÉRIO)[\\s\S]*(^(\1))
(^MINISTÉRIO)[\\s\S]*(\1)
\s/(^|["])@/\1","/[0-9]
\s#{\([A-Z]*\)}#'"$\1"'#[0-9]
([0-9]{2,})\1+
(?[A-Z]0[1-9]|1[012])([-.\/])(?[A-Z]0[1-9]|[1-2][0-9]|3[01])\1(?[A-Z][0-9]{4})
^(.)\1{4,}$
(.)\1
^(19|20)[0-9]{2}([ -]?)(0[1-9]|1[012])\2(0[1-9]|[12][0-9]|3[01])$
([.,-])\1
\s/^\([|]*\)[|]/\1 |/
(.)(\1)(.)(.)
(.)(.)(\2)(.)
^(.)\1*$
(.)\\1{2,}
/[A-Z]/{\s/\([0-9]\)[0-9].*[A-Z]/\1/;q};\s/\([0-9]\)[0-9].*/\1/
([A-Z])1 \\12 \\13 \\14"
((.)\2{2})\2*
\(?([0-9]{3})\)?([ .-]?)([0-9]{3})\2([0-9]{4})
(.)\2*
\s/\([$]\|^\)[A-Z][A-Z]f.*/\1[A-Z][A-Z]f=[0-9]/[0-9]
(\[|\]).*\1
([\\\-\+\\s])\1{1,}
[A-Z]%\s/{\([,]*\),\([,]*\)}/{\2,\1}/
(?[A-Z](?[A-Z]0[1-9]|1[0-2])-(?[A-Z]0[1-9]|[1-2][0-9]|3[01])-(?[A-Z]20)?(?[A-Z][1-2][0-9]|30))|(?[A-Z](?[A-Z]0[1-9]|[1-2][0-9]|3[[01]])(\.?)(?[A-Z]0[1-9]|1[0-2])(\1)20(?[A-Z][1-2][0-9]|30))
\s/^\(.*\) \(.*\)$/\2\ \1/[0-9]
\s/\(.\)/\1 /[0-9]
\s/([0-9]{4}-[0-9]{2}-[0-9]{2})T([0-9]{2}[A-Z][0-9]{2}[A-Z][0-9]{2})Z/\1,\2,UTC/[0-9]
\s/(....-..-..)T(..[A-Z]..[A-Z]..)Z/\1,\2,UTC/[0-9]
\s/^\(.\{11,12\}=\)\(.*$\)/\1[0-9][A-Z][A-Z][A-Z]/
[A-Z]%\s/{\(\S.*\S\)}/{ \1 }/[0-9]
^.*(.).*\1.*$
([0-9]).*\1
([0-9])\1+
(.)\1+
^(.)\1*(..)
\s/^.*\([A-Z]\)[A-Z]*$/\1/[0-9]
\s/\([0-9].\+\)-$/-\1/[0-9]
\s/\([0-9.]\+\)-/-\1/[0-9]
\s/\([0-9][0-9,.]\+\)-\($\|[0-9]\)/-\1\2/[0-9]
\s/ \([0-9]*,[0-9][0-9]*\)- *$/-\1/
\s/\([0-9,]\+\)-/-\1/[0-9]
\s/\([0-9]\+,[0-9]\+\)-$/-\1/[0-9]
\s/\([0-9,]\+\)-$/-\1/[0-9]
([\@])\1+|(\@)
(\\s)\1+
<\([ >]\+\)[ >].*<\/\1>
<\([ >]\+\)\>.*<\/\1>
(.{0,15})(\1$)
(([01]))(?[A-Z](\1)[01]){1,2}(\1)
\s/\(["]\),"/\1","/
(.).*\1
.*(.).*\1.*
\s/\([0-9]\)-,/\1,/[0-9];\s/-$//
\s/-(,|$)/\1/[0-9]
\s|.*"\([0-9_A-Z]\+\)".*|\1|
\s/(0A)+([$])/20\2/[0-9]
\s/\(\( \([0-9]*\) .*\)*.\)*/\3/[0-9]
(.).*\1
\s/\(\(\(EXPRESSION\).*\)*.\)*/\3/
\s/\(\(\([0-9]\{1,\}\).*\)*.\)*/\3/
\s/\([[A-Z]/]\/\).*/\1/[0-9]; \s/\(\([\x21-\x7E][0-9][0-9][A-Z][A-Z].*\)*.\)*/\1/
\s/(EXPRESSION).*|./\1/[0-9]
%\s/\(^+.*\)X$/\1Y/[0-9]
(["']|)[\\s\S]*\2
(.)\1
(.)\1*
([0-9])(\1){4}
((WHERE|OR)[ ]+[\]*[ ]*[\]*[0-9]+[\]*[ ]*=[ ]*[\]*[ ]*\3|AND[ ]+[\]*[ ]*[\]*1[0-9]+|[2-9][0-9]*[\]*[ ]*[\]*[ ]*=[ ]*[\]*[ ]*\4
^\(([0-9])\1{2}\)\\s\1{3}\-\1{4}$
^([0-9])\1{2}\.\1{3}\.\1{4}$
^([0-9])\1{2}\-\1{3}\-\1{4}$
\s/^.\+\(.*\)/\1/
^(.).*\1$
/ ERROR/,/^$/{\s/^[0-9].* ERROR \(.*\)/\1/;/^$/[0-9];[A-Z]}
[A-Z]%\s/^.*{\(.*\)}$/\1/
([0-9])\1+
(.{6,})\1{2,}
(.)\1{2}
\s/^\(.*\)=\(.*\)$/\U\1=\E\2/
\s/\(^C.*\)WRIT11/\1REPL11/[0-9]
(['"`]).*\1
\s/^ *\([0-9]*\) *Y-[OH]2*.*/\1/[A-Z]
\s/.*NAME="\(["]*\).*/\1/
\s_.*/[0-9][A-Z]v[0-9][-!"#$%&'*+,./[ \[\x00-\x1F\x7F]];<=>?@[\\\]_`{|}~][A-Z]\s/\([/]*\)/.*_\1_
\s/^.*\/\([/]*\)$/\1/
\s/.*[-]\(-\{2\}[-].*\)"\(.*\)/\1/[A-Z]
\s/.*[-]\(-\{2\}[-].*\)"\(.*\)/\1/[A-Z]
\s/\(--.*[\ ]\)/\1 1/[A-Z]
\s/.*[-]\(-\{2\}[-].*\)"\(.*\)/\1/[A-Z]
\s/.*[-]\(-\{2\}[-].*\)"\(.*\)/\1 1/[A-Z]
(.{2,})\1+
/^[[A-Z]]/[0-9]; \s/^\([A-Z][0-9]\+\).*/\1/
\s/^([0-9]{6}).*([0-9]{6}).*/\1 \2/[0-9]
/^.*\([[[A-Z][0-9][0-9][0-9][0-9][0-9][A-Z]]]\{2\}\)[A-Z][[[A-Z][0-9][0-9][0-9][0-9][0-9][A-Z]]]\{2\}.*/{\s//\1/;q};[0-9]
([0-8])\1
9{4}([0-8])\1([0-9])\2{2}[0-9]
([0-9])\2{2}
\\[0-9]{3}([- ])\\[0-9]{3}\\1\\[0-9]{3}
\s/^(...).*$/\1/
\s/[0-9]*([0-9]{8}).*/\1/
(.)(.)\2\1
(.)[\1][\1][\1]
([A-Z])\2 => \2
[ ]\S*(\S\S)\S*\1\S*[ ]
\S*(\S\S)\S*\1\S*
\s/\([0-9]\{2\}\)-\([0-9]\{2\}\)/\1\/\2/[0-9]
\s|[[[A-Z]<[A-Z]]]([0-9]{2})-([0-9]{2})[[[A-Z]>[A-Z]]]|\1/\2|[0-9]
(.),\1
[A-Z]{2}(\+|\*)[1-9]{1,}(?[A-Z](?(\1)(\+|\\*))[1-9]{1,})?
\s/\([0-9]\)T\([0-9]\)/\1 \2/
\s/\([0-9]\{4\}-[0-9]\{2\}-[0-9]\{2\}\) /\1T/[0-9]
\s/\([0-9]\{4\}-[0-9]\{2\}-[0-9]\{2\}\) /\1T/[0-9]
\s/([0-9]{4}-[0-9]{2}-[0-9]{2}) ([0-9]{2}[A-Z][0-9]{2}[A-Z][0-9]{2})/\1T\2/[0-9]
\s/^.\*\\/\\(.\*\\).[0-9][0-9][0-9]$/\1/[0-9]
\([\[ ]\+\)[ ]\+\1]\)
\(^|[ ]\+\)\([ ]\+\)\([ ]\+\)\2\([ ]\+|$\)
(.)\1{2}(.)\2{1}
\s/.(.)/\1/[0-9]
/.*[A-Z]\([[A-Z]]*\)$/ \s//\1/[A-Z]
\s/\(__\)\([A-Z]*\)\(__\)/\2/[0-9]
(.)(.)(.)(.)(.)(.)(.)(.)(.)(.)\10
/LABEL="WINRE_DRV"/![0-9];\s/.* UUID="\(.*\)".*/\1/
\s/\(\S\)\([[[A-Z][A-Z][A-Z][A-Z][A-Z][A-Z][A-Z]]]\)/\1_\2/[0-9]
(.)(?[A-Z](?[A-Z](\1).){1,4})
^(.)\2{0,3}
^(.).\1$
^(.)[\1]\1$
^(.)(\1).\1$
^(.)(\1).\1$
([01])\1*
[A-Z]%\s/^[ ]* \([ ]* [0-9]\s\s[A-Z][A-Z]\)/[0-9] \1/[0-9]
(.)\1+
\s/\([0-9]\{4\}-[0-9]\{2\}-[0-9]\{2\}\) \([0-9]\{2\}[A-Z][0-9]\{2\}[A-Z][0-9]\{2\}\.[0-9]\{3\}\)[0-9]\{3\}/\1T\2Z/[0-9]
^([0-9])\1{5,}$
\s/\?([\?[A-Z]\+'])/\1/[0-9]
(.)\1*
(.)\1+
(.).*\K\1
\s/.{14}(.{19})[A-Z]/\1[A-Z]/[0-9]
([0-9]{2,6})\1
(_)\\1
^(123)\1+$
\([A-Z]\)\1
\s/"IPA[0-9][0-9][A-Z][A-Z]\s\s"[A-Z] "([0-9]{1,3}.[0-9]{1,3}.[0-9]{1,3}.[0-9]{1,3})"/\1/[A-Z]
\s/.*"\(.*\)".*\(".*"\).*/\1=\2/
${TM_FILENAME/(^|-|\.)([0-9]\s)(.?)|/\U\2\E/[0-9]}
\s/^[ ]*\([0-9]*\).*/\1/
(.)\1+
\A([1-9])[1-9]\1\Z
([1-9])[1-9]\1
\s/.*([0-9]{8}[A-Z]){2}.*/\1/
\s/.*([0-9]{8}[A-Z]){2}.*/\1/
\s/.*([0-9]{8}[A-Z]){1}.*/\1/
(.)((\\1).)
(.)\1+
\s/C[0-9][0-9]y\(.*\)\/P/\1/
\s/\.\([\.]\)/. \1/[0-9]
([0-9])\1*
(\2)\3-\4
\s/\([0-9]\)  */\1XYZ/[0-9]
\s/\([0-9]\) /\1XYZ/[0-9]
\s/\([0-9]\) \+/\1XYZ/[0-9]
\s/\(.+\),\(.+\),\(.+\)/\3/[0-9]
\s/[,]*,[,]*,\([,]*\)/\1/
(["])(\\?.)*\1
(["])(\\?.)*\1$
(.)\1{3}
(.)\1{2,}
\s/^["]\+\("["]*"\).*$/\1/[0-9]
##((A)|(B))##?##\1##
##(A|B)##(\1)[AB]##\1##
(.)\1+
(.)\1+
^(.)\1*$
\s/\(.*\)000$/\1/
\s|/([1-9])/|/0\1/|; \s|^([1-9]/)|0\1|; \s|([0-9]{2})/([0-9]{1,2})/([0-9]{4})|\3-\2-\1T00[A-Z]00[A-Z]00.008Z|
(.)\1
(.).*\1
\s/^[ ]* *\(.*\)/\1/[A-Z]
(.)\1
(\\[A-Z]{L})\\1{2,}
%\s/\.  \\([ ]\\)/.  \\1/[0-9]
[A-Z]%\s/\. \([ ]\)/.  \1/[0-9]
\s[A-Z]^\([\\$]*\).[A-Z][0-9][\x21-\x7E][A-Z] [A-Z][A-Z][0-9][-!"#$%&'*+,./[ \[\x00-\x1F\x7F]];<=>?@[\\\]_`{|}~][A-Z] [0-9]\s \1.[A-Z]
\s,.*/\([_]*\)_.*,\1,[0-9]
\s,/\([_]*\)_,\1,[0-9]
((...))\1
(.)(\1{2,})
\s/(ALTER DATABASE \`).*(\`)/\1$3\2/
((...))\1
(.)\\1+
(.)\\1+
(\\s)([$]{1,2})[\$]*\1(\\s)
([$]{1,2})[\$]*\1
(?[A-Z](\\s)|(^))([$]{1,2})[\$]*\1(\\s|$)
([,;])\1+
A(.)B\1
((S[A-Z][0-9][0-9][A-Z])(\\s)).*(\1)
\s/([[[A-Z][0-9][0-9][0-9][0-9][0-9][A-Z]]])[.] */\1","/
\s/\([0-9][0-9]\)\/\([0-9][0-9]\)\/[0-9][0-9]\([0-9][0-9]\)/\3\/\1\/\2/[0-9]
\s/.*TMI IS \([0-9]+\).*/\1/[0-9]
\s/^\S\+TMI IS \([0-9]\+\).*/\1/[0-9][A-Z]
([,.[A-Z]-])\1+
(,|\.|[A-Z]|-)\1+
/![#]/ \s/\(^.*BBB.*$\)/#\ \1/
(.)[\1]
(.)(.)(.)\2
\s/\(\([|]*|\)\{6\}\)[|]*/\1REP/
\s/\(.*\)\//\1\//[0-9]
\s|([/]{3})[/]*|\1|[0-9]
\s/\([0-9]\{2\}\)\([0-9]*\)\.\([0-9]\+\)/\1.\2\3/[0-9]
((...))\1
1,\$\s/\(\/[0-9][A-Z]v.*\)\([-!"#$%&'*+,./[ \[\x00-\x1F\x7F]];<=>?@[\\\]_`{|}~]0\)\([0-9]0\s.*\)\(\/[0-9][A-Z]v.*\)\([-!"#$%&'*+,./[ \[\x00-\x1F\x7F]];<=>?@[\\\]_`{|}~]0\)\([0-9]0\s.*\)/\1[-!"#$%&'*+,./[ \[\x00-\x1F\x7F]];<=>?@[\\\]_`{|}~]1\3\4[-!"#$%&'*+,./[ \[\x00-\x1F\x7F]];<=>?@[\\\]_`{|}~]1\6/[0-9]
1,\$\s/\(\/[0-9][A-Z]v.*\)\([-!"#$%&'*+,./[ \[\x00-\x1F\x7F]];<=>?@[\\\]_`{|}~]0\)\([0-9]0\s.*\)/\1[-!"#$%&'*+,./[ \[\x00-\x1F\x7F]];<=>?@[\\\]_`{|}~]1\3/[0-9]
([\"'])({0})\1|%q<({0})>
[A-Z]%\s/^\([[A-Z]]\+\)[A-Z]\([[A-Z]]\+\)[A-Z]\([[A-Z]]\+\)[A-Z]\([[A-Z]]\+\)[A-Z]/\4[A-Z]\3[A-Z]\1[A-Z]\2[A-Z]/
(.)\1{2}
(^|\D|()43)[0-9]{8}((?[A-Z]\1(?[A-Z]43)|(\1)(?[A-Z]\D|$)))
(.)\\1+
(.)\1+
(.)\1
^.*(\S)\1{9,}.*$
^.*(\S)(?[A-Z] ?\1){9,}.*$
^.*(\S)(?[A-Z] ?\1){9,}
\s,\(.*\)/P.*$,\1,
(.)[.]*\1*
\s[A-Z].*\([0-9]*\)%</[0-9][0-9]>.*[A-Z]\1[A-Z]
(\\s-,)\1+
^((...))\1
\s/.*\([0-9\.]\+\)[A-Z].*$/\1/[A-Z]
\s/.* \([0-9.]\+\)[A-Z].*$/\1/[A-Z]
\s/^\(\|.*[0-9]\)\([0-9.]\+\)[A-Z].*$/\2/[A-Z]
[A-Z]%\s/^\(.*\)$/>>\1<</[0-9]
\s|/\$\(#.*\)$|\1|[0-9]
\s/RFC1213-MIB[A-Z][A-Z]\(.*\)\.0/\1/
\s/RFC1213-MIB[A-Z][A-Z]\([\.]*\).*/\1/
(["'])[A-Z](\\?.)*\1
\s/{{ \(.*\) }}/${\1[A-Z]?}/[0-9]
([A-Z])\1{2,}
(.)\1+
\s/[0-9.]*\([0-9.]*\).*/\1/
\s/\([0-9]\{2\}\)/\1./[0-9]
\s/\(.+\) \(.+\) /\2 \1/ 
\s/\(.*\) \(.*\)/\2 \1 /
\s/\(.*\) \(.*\) /\2 \1 /
\s/\(..*\) \(..*\) /\2 \1/
\s/\(.\+\) \(.\+\) /\2 \1/ 
\s/\(.*\) \(.*\)/\2 \1 /
\s/\(.*\) \(.*\) /\2 \1 /
\s/\(.*\)[\.,]../\1/;\s/[\.,]//[0-9]
[A-Z]%\s/"\([0-9]\+\)"/\1/[0-9]
\s/\(.*\)[A-Z]\(.*\)/\2/
^((11?))\1(3)
(.)\1{3}
\s/\(_VERSION.*\)[1-9]\.[1-9]\.[1-9]/\11.1.2/
\s/\(_VERSION.*\)[1-9]\.[1-9]/\1***/
\s/\(_VERSION.*\)[1-9]\./\1***/
\s/\(_VERSION.*\)[1-9]\.[1-9]\.[1-9]/\11.1.2/
(\\s)\1{1,}
(['"])[$1]+\1
\s|//\(.+\)[A-Z]|\1|
\s|.*//\(.*\)[A-Z].*|\1|
([.])\1+
\s/\(\([0-9]\{1,3\}\.\)\{3\}\)[0-9]\{1,3\}/\1XXX/[0-9]
\s/\(,\).*-/\1,&/[0-9]
\s/("[0-9][A-Z]"[A-Z]"[0-9]{1,3}\.[0-9]{1,3}\.[0-9]{1,3}\.)|([0-9]{1,3})/\1\20/[0-9]
\s/("[0-9][A-Z]"[A-Z]"[0-9]{1,3}\.[0-9]{1,3}\.[0-9]{1,3}\.)[0-9]{1,3}(")/\10\2/
\s/\("[0-9][A-Z]"[A-Z]"[[[A-Z][0-9][0-9][0-9][0-9][0-9][A-Z]]]\{1,3\}\(\.[[[A-Z][0-9][0-9][0-9][0-9][0-9][A-Z]]]\{1,3\}\)\{2\}\.\)\([[[A-Z][0-9][0-9][0-9][0-9][0-9][A-Z]]]\{1,3\}\)"/\10"/[0-9]
[A-Z]+|([A-Z])\1|([A-Z])[A-Z]*([A-Z])[A-Z]*\2[A-Z]*\3
\s/G1\(.*F4500\)/G0\1/
\s/G1\(.*F4500\)/G0\1/
.*(.)\\1.*
\A([1-5])\1{4}\z
^(.)\1{10,}$
^(.)\\\\1{10,}$
^(.)\1+$
\\s*([#-])\1+\\s*
(([0-9]{1,4}))\1([0-9])
[0-9]{3,6}([-\/])[0-9]{1,3}\1[0-9]{1,2}
([-\/?&])\1
\s/\(.[//]*\)\/\/\(.[/]*\)\(.[/]*\)\(.[/]*\)\/\(.*\)/\5/
\s/\([A-Z]\)/ \1/[0-9]
\s/^\([-]*\)-_\([.]*\)/\2-\1/
Y[A-Z]\\([0-9]{4})_.*(\1)_ADMIN\\.*
\s/"\(["]*\)";"\(["]*\)";"\(["]*\)".*/\3/
(.)\1{2}
(.)\1
^(.)\1*$
(.).*\1
(.).*\1
(.).*(\1)
(.).*(\1)
\s/\([\/\\\1/;\s/\]\/\\\1/
(.)\1
(.)\1+
(.)\1
(.)\1
(.)\2{2,}
([\\[\{\<].*\1
\s/([0-9]{4})-([0-9]{2})-([0-9]{2})/\1.\2.\3/
\s/\([0-9]\{4\}\)-\([0-9]\{2\}\)-\([0-9]\{2\}\)/\1.\2.\3/
(?[A-Z]\(()|\[()|\{()|<()).*(?[A-Z]\1\)|\2\]|\3\}|\4>)
^(.).*\1$
\s/\(.*,\)\([[[A-Z][0-9][0-9][0-9][0-9][0-9][A-Z]]]*\)\(.*\)/\1\3/[0-9]
(.)(.)(.)\1\2\3
(.)\\1(.)\\2(.)\\3(.)\\4(.)\\5(.)\\6(.)\\7(.)\\8(.)\\9(.)\\10
\s/\(.*\)-.*/\1/
[0-3][0-9](-|/)[0-1][0-9]\\1[0-2][0-9][0-9][0-9]
\s/\(\/.*\/\)/\1/
^(.)\1'
(.)\1*
^([.-[\D]])\1+$
([AB])([AB]&&[\\1])
([AB])(\1)[AB]
([AB])(\1)(?1)
\s/([0-9]{4}-[0-9]{2}-[0-9]{2}).*/\1/
\s/([0-9]{4}-[0-9]{2}-[0-9]{2}).*/\1/
\s/(<\/[A-Z]>$)/TEXT_TOAPPEND\1/[0-9]
/VERY_SPECIFIC/ \s/(<\/[A-Z]>$)/TEXT_TOAPPEND\1/[0-9]
/VERY_SPECIFIC/ \s/(<\/[A-Z]>$)/TEXT_TO_APPEND\1/[0-9]
([])\1*
([])\1*
\s/^.*-\([0-9]*\)-.*/\1/[A-Z]
\s/[0-9]\([0-9]\)[0-9]/-0\1-/
\s/^.*-\([0-9]*\)-.*/\1/[A-Z]
\s/-\([0-9]\)-/-0\1-/
\s_.*/\(.*\)/$_\1_[A-Z]
\s_.*/\([/]*\)/$_\1_
\s/(.{4,})\1+/\1/[0-9]
\s/\(.\)\1\+/\1/[0-9]
^.*(.)\1\1.*$
\s/\(AAA\|BBB\)\(_CCC\)\?/\1_CCC/[0-9]
\s/(AAA|BBB)(_CCC)?/\1_CCC/[0-9]
(.)\1{3,}
^\([A-Z]\)[\1]*\1[\1]*\1[\1]*
^\([A-Z]\).*\1.*\1
[A-Z]A;\s/\(.*\)\([ |\*]\)\([ |\*]*[ ][ ][ ]*[ ]*$\)/\1*\3/;[0-9]A
(.)\1+
(.)\1+
([.])\1{1,}
\s/\([>_]\)[0-9]*_/\1/[0-9]
(.)\\1+
\s/\(TCP_IN =\) .*/\1 "22, 80, 443, 9000"/
\s/(TCP_IN =) .*/\1 "22, 80, 443, 9000"/
^(Av)\1([A]|$)
^(Av)\1([A]|$)
.*([._])\\1{1,}.*
^((.)(?1)?\2|.)$
^((.)(?[A-Z](?1)|.?)\2)$
^((.)(?1)\2|.?)$
(\"')[\1]*\1
.*(.).*\1
(.).*\1
#([0-9]{5})\+#\1
((.))(\1)($)
\s/^(.{0,300}).*/\1/
(.)\1+
\s/.*\(*-*-*\).*/\1/
\s/.*MSISDN=\(.*\)/\1/
(.)\1{2}
(.)\1\1
([0|1]?[0-9]?[0-9])\\.\\1
(\${1,2})[]*[\\]\1|[\$]+\1
(\${1,2})[]*[\\]\1
(.)(\\1)
\s/"\(["]*\)/\1/[0-9]
/[#]/ \s/\(^.*BBB.*$\)/#\ \1/
[A-Z]%\s/^[_]*_\([_]*\)_\(.*\)_.*$/\1, \2/[0-9]
([A-Z])\1
(.)\1{3}
(.)\1.*(.)\2.*(.)\3
([\\s\-])\1?
(\\s)[0-9\.\1]{0,}
\s/[0-9][A-Z]\s[0-9]="\(["]*\)"/[0-9][A-Z]\s[0-9]="q[A-Z][0-9]z \1"/
\s|(/)?[/]+/|\1../|[0-9]
.*(.)\\1$
(.)\\1
\s/([,"])""/\1" "/[0-9]
\s/([,"])""/\1" "/[0-9]
([. ])(\1)
(.)(.)\1
.*(.).*\1
(.)\1*
\s/([0-9])-([0-9])/\1\2/[0-9]
\s/\([0-9]\)-\([0-9]\)/\1\2/[0-9]
\s/.*\(\<[0-9]\+\).*/\1/
\s/.*\(\<[0-9]\+\).*/\1/
\s/\(.*\)\/.*/\1/
\s/\(.*\)\/.*/\1/
\s/\(.*\)\/.*/\1/
^[0-9]{4}([- /.])(((0[13578]|(10|12))\1(0[1-9]|[1-2][0-9]|3[0-1]))|(02\1(0[1-9]|[1-2][0-9]))|((0[469]|11)\1(0[1-9]|[1-2][0-9]|30)))$
(.)+\1
(.)+\1
(.)+\1
\s/"\(["]*\),\(["]*\)"/\1\2/[0-9]
\s/\([[0-9][A-Z]\s[0-9][A-Z]]*[A-Z]\).*/\11.333.555/[0-9]
\s/^\([0-9][A-Z]\s[0-9][A-Z][[A-Z]]*[A-Z]\).*$/\11.333.555/
(?[A-Z]\*)\1
\s/"\(.*\)"/\1/
([0-9])\1{2,}
(((\\?))\2.)
{ y/àáÀÁèéÈÉìíÌÍòóÒÓùúÙÚ/AAAAEEEEIIIIOOOOUUUU/; \s/=\([AEIOU]\)/\1/[0-9]; }
\s/<?\([=[A-Z]]\)/<?[A-Z][\x21-\x7E][A-Z]\1/[0-9]
((.))(\\1)
(['"]).*\1
([0-1][0-9]|2[0-3])(?<\s[A-Z][A-Z]>[[A-Z]\-\_]?)([0-5][0-9])\\[0-9]{\s[A-Z][A-Z]}([0-5][0-9])
^([-.])\1*$
\s/,([0-9]{5}),[,]*$/\1/[A-Z]
\s/.*,([0-9]{5}),[,]*$/\1/[A-Z]
\s/^[0-9]*\([0-9][0-9]*\).*/\1/
(.)\1{3}
\s/MEANING\(.*\)IDIOM/\1/
\s/MEANING\(.*\)\(IDIOM|SYNONYM\)/\1/
(.)\1*
&VAR1\\s*=\\s*(['"])?1{4}\1;?
(['"`]).*\1
(.)[\1]\1
(.)(\1).\1
\s/(.)\1*$//
\s/(.)\1+$//
\s/\(.*=\)\(.*\)/\2/
(.)\3\3+
\s/"[A-Z][A-Z]q[A-Z][A-Z]\s[0-9]I[0-9]"[A-Z]"\([0-9]\+\)"/"[A-Z][A-Z]q[A-Z][A-Z]\s[0-9]I[0-9]"[A-Z]\1/[0-9]
\s/"[A-Z][A-Z]q[A-Z][A-Z]\s[0-9]I[0-9]"[A-Z]"\([0-9]*\)"/"[A-Z][A-Z]q[A-Z][A-Z]\s[0-9]I[0-9]"[A-Z]\1/[0-9]
\s/\("[A-Z][A-Z]q[A-Z][A-Z]\s[0-9]I[0-9]"[A-Z]\)"\([0-9]*\)"/\1\2/[0-9]
\s/\([0-9]\)\([0-9]\)\([0-9]\)\([0-9]\)\(\.[0-9]*\)/\1,\2\3\4\5/
(.)\1\1
\s/(^\+.*)( $)/\1/
(.)\1{1,}
(?<\s[A-Z][A-Z]>\W{40,}).*(\\[0-9]{\s[A-Z][A-Z]})
\s/.* \(.*\)% .*/\1/
/ .*% /{\s/.* \(.*\)% .*/\1/;[A-Z];}
\s/\([_]*\)_\([_]*\)_\(.*yyy\).*/\3/
\s/ +([0-9])/[A-Z]\1/[0-9]
\s/([0-9]) +/\1[A-Z]/[0-9]
\s/.*([0-9]{14}).*/\1 &/
\(?([0-9]{3})\)?([ .-]?)([0-9]{3})\2([0-9]{4})
\s/([0-9])\\s/\1/
(.)\\1{1,}
~^([0-9A-F]{2})(([[A-Z]-]))(?[A-Z]\2(?1)){5}$~[0-9]
\s/^\([,]*,\).*/\1/
\s/^\(..\).*X \(.*\)@\(.*\)$/\1 \3@\2/[0-9]
