^1?$|^(11+)\1+$
\s/^.*[,[A-Z]]([,[A-Z]]+@[,[A-Z]]+).*$/\1/[0-9]
\s/<TAG[>]*>([<]*)</TAG[>]*>/\1
^1?$|^(11+)\1+$
^(1+)\1*=\1+$
/<([>]+)>([<]+)<\/\1>/
([\"'])(.*)\1
\[([\^%#\$\*@\-;])([\]]*)(\1)([\^%#\$\*@\-;])\]
\[([\^%#\$\*@\-;])([\]]*)(\1)([\^%#\$\*@\-;])\]
<([A-Z][A-Z0-9]*)[>]*>(.*)</\1>
[A-Z]%\s/^\v([|]+\|[|]+)\|.*$/\1/
(.*)\\1
f(.*)\1
(.+).*\1
(.+)\1
\s[A-Z][-!"#$%&'*+,./[ \[\x00-\x1F\x7F]];<=>?@[\\\]_`{|}~]=(["'])(.*)\1
/(\<).*\s[A-Z][-!"#$%&'*+,./[ \[\x00-\x1F\x7F]];<=>?@[\\\]_`{|}~]=(['"])(.*)\1.*(/?\>)/\s[0-9]
\s/^.*"(.*)".*$/\1/
\s/^.*"(.*)".*$/"\1"/
\s/"(.*)"/\1/
\s/(^.*)/\L\1/
\s/\\s*(<[>]+>)\\s*/\1/[0-9]\s
\s/(\\s*(<))|((>)\\s*)/\2\4/[0-9]
(.+)(\1+)
/\.([.]*(\.[.]+$)?)/\1/
\[(=*)\[.*\]\1\]
\[(=*)\[.*\]\1\]
<(.*)>.*</\1>
\s|([\x21-\x7E][0-9][0-9][A-Z][A-Z]//.*/).*|\1|
\s|([\x21-\x7E][0-9][0-9][A-Z][A-Z]\/\/[\/]+\/).*|\1|
[A-Z]%\s/\v^([0-9]*)_(.*)/\2/
<([>]*)>(.*)</\1>
(.+)\\s+\1
(.+).*\1
($[A-Z][A-Z])(.*)\1
/<([\x21-\x7E][1-3])[>]*>(?[A-Z].*>)?([<]+)(?[A-Z]<.*)?<\/\1>/[0-9]
/(<\s[-!"#$%&'*+,./[ \[\x00-\x1F\x7F]];<=>?@[\\\]_`{|}~][A-Z][0-9][A-Z][0-9]>)(.*)(<\/\s[-!"#$%&'*+,./[ \[\x00-\x1F\x7F]];<=>?@[\\\]_`{|}~][A-Z][0-9][A-Z][0-9]>)/\1\2/[0-9][0-9]
(([A-Z]).*\2)
.*(([A-Z]).*\2).*
<!-- START (.*) -->(.*)<!-- END \\1 -->
\s/^ *([ ]+) +[ ]+ +(.+)/\1 \2/
\s/([ ]+) [0-9]+ (.*)/\1 \2/
^1$|^(11+)\1+$
([A-Z])(.*\1)(\1.+)
(.)(.*\1)(\1.+)
/(.*)\1*/\1/
(.*)\1*
/^(-?[0-9]+)[0-9\.]*([0-9]*).*$/\1\2/
^([0-9])(\1+$)[0-9]+$
^([0-9])(\1+$)[0-9]+$|^[0-9]$
\s/(.+)/"\1"/
(.)(.*\1){3}
<([1-3])>(.*)</\1>
(\[PHOTO.\]).*(\1.*\[PHOTO.\].*)\[WAITPHOTO\]
<([>]+)[>]*>([<]*)</\1>
\s/,([,]+),\1/,$1/[0-9];
([A-Z0-9]+) (.*) \1 \2
([A-Z0-9]+) .* \1
\s/[\x21-\x7E][A-Z][A-Z]f="(.*)(\.|\,)"/[\x21-\x7E][A-Z][A-Z]f="{$\1}"/[0-9]
\s/[\x21-\x7E][A-Z][A-Z]f="(["]*)([.,]+)"/[\x21-\x7E][A-Z][A-Z]f="\1"/[0-9]
/={7}(.*)={6}/\1/
^1?$|^(11+)\1+$
(.+)\1+
(<[>]*>)\+\1\+\1
^[AKQJT2-9]([[\x21-\x7E]\s[-!"#$%&'*+,./[ \[\x00-\x1F\x7F]];<=>?@[\\\]_`{|}~][0-9]])[AKQJT2-9](\1)[[\x21-\x7E]\s[-!"#$%&'*+,./[ \[\x00-\x1F\x7F]];<=>?@[\\\]_`{|}~][0-9]]$
^[AKQJT2-9]([[\x21-\x7E]\s[-!"#$%&'*+,./[ \[\x00-\x1F\x7F]];<=>?@[\\\]_`{|}~][0-9]])[AKQJT2-9](\1)[[\x21-\x7E]\s[-!"#$%&'*+,./[ \[\x00-\x1F\x7F]];<=>?@[\\\]_`{|}~][0-9]]$
^[AKQJT2-9]([[\x21-\x7E]\s[-!"#$%&'*+,./[ \[\x00-\x1F\x7F]];<=>?@[\\\]_`{|}~][0-9]])[AKQJT2-9](\1)[[\x21-\x7E]\s[-!"#$%&'*+,./[ \[\x00-\x1F\x7F]];<=>?@[\\\]_`{|}~][0-9]]$
^([AKQJT2-9])([[\x21-\x7E]\s[-!"#$%&'*+,./[ \[\x00-\x1F\x7F]];<=>?@[\\\]_`{|}~][0-9]])(\1)(.\2)[AKQJT2-9][[\x21-\x7E]\s[-!"#$%&'*+,./[ \[\x00-\x1F\x7F]];<=>?@[\\\]_`{|}~][0-9]]$
(\W{2,})(\1+)
(\W{1,5})(\1+)
(\W{1,9})(\1+)
(\W{2,})(\1+)
(.)(.*\1)
\s/(.)(.*\1)//[0-9]
\s/(.)(.*\1)//[0-9]
\s/(.)(.*\1)//[0-9]
\s/([0-9+]*)[0-9+]*([0-9+]*)[0-9+]*([0-9+]*)[0-9+]*([0-9+]*)/\1\2\3\4/
(["\'])(["\']+)\1
(["'])(["']+)\1/
\((["'])(["']+)\1,?.*\)
\((["'])(["']+)[\\]\1,?.*\)
/(\s[A-Z][-!"#$%&'*+,./[ \[\x00-\x1F\x7F]];<=>?@[\\\]_`{|}~]|[\x21-\x7E][A-Z][A-Z]f)=("|').*\/([/]*)\2/[0-9][0-9]
.?|(..+)\\1+
(..+)\\1+
(..+)\1+
.?|(..+)\1+
(.+)\1
\s/ *([ "]*) *("["]*")/\1\2/[0-9]
^([1-4]{4}$)(.*(.).*\1).*$
<[A-Z]([A-Z]{2})(?[0-9][A-Z]\1*)>
<(.*)>.*</\1>
<\\s*([>]+)\\s*>[<]*</\\s*\1\\s*>
((^.*)\\G.*)(\\G\\1.)
((.*))(((^.*))(\\2.\\1)\\G.*)
((.*))(((^.*))\\G.*)((\\2\\2.\\1)^.*)
((.*))(((^.*))\\G.*)((\\2.\\1)\\G.*)
|<([>]+)>([<]*)</\1>|
<(\S+)[<>]*>[<]*</\1>
<([<>]+)>[<]*</\1>
(^|[\\s,])(?[A-Z]([\'"]).*\1|[\\s,\'"]+)([\\s,]|$)
(^|[\\s,])(?[A-Z](['"]).*\1|[\\s,'"]+)([\\s,]|$)
^((.)\2*)$
^1?$|^(11+)\1+$
^1?$|^(11+)\1+$
'(\S+)\\s*\\s*([\'"])(.*|)\2
\s/([A-Z][[A-Z]])(.*)\1/$1$2/[0-9]
/[\\s>]+[\\s]*(<([>]+)>)(.*)(</\2>)[\\s]*[\\s<]+/[0-9]
^1$|^(11+)\1+$
^(11+)\1+$
^1?$|^(11+)\1+$
\s/0*([0-9]+)[0-9]{3}K/\1M/[0-9]
(.*)<XYZ>\1
(\'|")(.*)\1
\s/X([X]*)X([Y]*)Y([Y]*)Y/X\1X\2Y\1Y/
\s/ ( *)/\1/[0-9]
({.*})(.*)\1
\s/^\\s*([0-9]+)\\s*([0-9.[A-Z]+]+).*/\1 \2/
("|'|[\\s\S])(.*)\1
(\S)([\\s\S]*\1)
/\[(.*)\](.*)\[\/\1\]/[0-9]\s
/\[(.*)\](.*)\[\/\1\]/
\s|^.*MATCH1(.*)MATCH2.*$|\1|
\[B\](.*)\[\/B\] [A-Z] **\1**
\s/STRING_1 \"(.*)\"/\1/[0-9]
M[A-Z]\.X, (["'])([\1]+)\1 [0-9][A-Z][0-9][0-9]\.
(.*)\\2
(.*)\2
(.*)\1
\s/.*[\x21-\x7E][A-Z][A-Z]f="(["]*)".*/\1/
<([/>]+)>([<]*)<\1>
/<(\S+).*>(.*)<\/\1>/
^1?$|^(11+)\1+$
 -[A-Z][A-Z] \s/[=,]*=([,]*)/\1/[0-9]
\s/[0-9]*0*([1-9][0-9,.]*)/\1/[0-9]
\s/[0-9][A-Z]\s[0-9][A-Z](.*$)/\1/
(.*)_\1
([A-Z])(.+)\1
\s/.*( .*)$/\1/
^(.*[A-Z0-9])((.)\1*$)[A-Z0-9.,?_-]*$
\s/([\^])([A-Z]+|[0-9]+)/\1 \2/[0-9]
\s/([A-Z]+|[0-9]+)/ \1/[0-9]
\s/([0-9]+)\\s(.*)/'\1' '\2'/[0-9]
\s,^(.*/ABC/[/]+).*,\1,
\s/([A-Z]+)( )([A-Z]+)/\1-\3/[0-9]
(.)(\1.+)(.*\1)
%\s/KEY (`.*`) (\(.*\)) USING BTREE/KEY \1 USING BTREE (\2)/[0-9][-!"#$%&'*+,./[ \[\x00-\x1F\x7F]];<=>?@[\\\]_`{|}~]
%\s/KEY \(`.*`\) \((.*)\) USING BTREE/KEY \1 USING BTREE \2/[0-9][-!"#$%&'*+,./[ \[\x00-\x1F\x7F]];<=>?@[\\\]_`{|}~]
[A-Z]\s/\v(.*) (.*) (.*) (.*)/\4 \3 \2 \1/
\s/(.*)\1/$1/[0-9]
\s/^(.*)\|(.*)$/\1|1|||\2|||/
\s[A-Z]^\[\[[\|]*\|(.*)\]\]$[A-Z]\1[A-Z]
^1+[A-Z]1$|^(11+)[A-Z]\1$|^(11+)\2+[A-Z]\2\2+$
(1)|(11+)\1*
\s/"?(["]+)*"?\\s<?([>]+@[>]+)>?/["\1","\2"]/
~<([>]+)>.*</\1>~
\s/^(([.]*.){2}).*/\1/
(=+)[=]+\1
^1?$|^(11+)\1+$
\s/([0-9]+).*/\1/[0-9]
\s/^(06700|067|00)([0-9]*)/\2/[0-9]
__\((\'|")([\1]+)\1
__\(('|")(.*)\1\).*
\s/([,]*,[,]*,[,]*),.+/\1/
\s/([,]*,){3}.+/\1/
<([>]+)>([<]*)</\1>
(.+) \1
(.+) \\1
(.+) \1
\s/\\s+(\S+)\\s+/,\1,/
\\(\s[0-9][A-Z]ff([0-9]+)\\)=[\\1]
(\s[0-9][A-Z]ff\([0-9]+\))=\1
((?[A-Z][A-Z-])+)\1{1}
(.*)\1
[A-Z]\s/\v\| +(.*[ ]) +\| +(.*[ ]) +\|/| \2 | \1 |/[0-9]
\s/(00*)([.0-9])/\2/[0-9]
\s/(\.[1-9])*(00*)(\|)/\1\3/[0-9]
\s/(00*)(\|)/\2/[0-9]
\s/.*=([0-9]+)$/\1/
^(11+)\1+$
^(11+)\1+$
(.+)\1+
\s/^\/\s[A-Z][-!"#$%&'*+,./[ \[\x00-\x1F\x7F]];<=>?@[\\\]_`{|}~]\/([/]+)_([/]+)\/\1$/\/\s[A-Z][-!"#$%&'*+,./[ \[\x00-\x1F\x7F]];<=>?@[\\\]_`{|}~]\/\2\/\1/
\s/<KEYS>([<]*)<\/KEYS>/\1/[0-9]
((.)\2*)
<([A-Z][A-Z0-9]*)>.*</\1>
(,|^)([,]*)(,)(.*,\1(,|$))
(([A-Z]*))(\1[A-Z])(([A-Z]*))
((.)\2*)
((.)\3*)
^(11+)\1+$
^1?$|^(11+)\1+$
^(1+)\1$
^(1?|^(11+)\2+)$
\s/(.*)\/(.*)/\1.\/\2/
|([\'"])(.*)\1|[0-9]
(..+)\1+
\s/[']+'([.0-9]+)'\\s*;/\1/
\[(.*)\].*[/\1]
(.)(.*\\1)
(\s[A-Z][-!"#$%&'*+,./[ \[\x00-\x1F\x7F]];<=>?@[\\\]_`{|}~]\\s*=([\'"]).*(\2))
(0*) 1 \1
\s/^.*(Q[A-Z][A-Z][A-Z][0-9][A-Z]\s.*)$/\1/
\s/\[(.*)\]/<[\x21-\x7E]1>\1<\/[\x21-\x7E]1>/[0-9]
(.+)\1{2,}
(.+)\1{2,}
\s/(.*)HERE.*THERE/\1/
[A-Z][A-Z]=^(.*)\1+$
(.+)(\1)
(.+)\1+
([0-9]+)\1+
([0-9]+)\1+
(.+)\1\1
(.+)\1\1
(.+).*\1.*\1
(?<q>['"])(?>((\\[0-9]{q}).)*)\\[0-9]{q}
\s/^.*(FIELD_A[A-Z] (.*),)?.*$/\2/
^\s[A-Z][-!"#$%&'*+,./[ \[\x00-\x1F\x7F]];<=>?@[\\\]_`{|}~]=(['"])(.*)\1$
\s[A-Z][-!"#$%&'*+,./[ \[\x00-\x1F\x7F]];<=>?@[\\\]_`{|}~]=(['"])(.*)\1
\s[A-Z][-!"#$%&'*+,./[ \[\x00-\x1F\x7F]];<=>?@[\\\]_`{|}~]=(["\'])(.+)(\1)
/(\{\{(#|\^)(.*)\?\}\}(.*)\{\{\/(\3)\?\}\})/
^([\0]*)(?>[\0]*)\0\1
^(.*).*\0\1
^(.*)(.).*\0\1(\2)
(.+)(.*\1)
#^([=]*)=(["\']?)([\2]*)\2$#
^.*(.+)(\1).*$
(['"])(.*)\1
^(.+)\1$
(.*(.)\2(.)\3)
\s/(X.*)F500\.0/\1F5.0/[0-9]
<([>]*)>[<]*</\1>
(?[A-Z]^|,)(?[A-Z]\\s*"(((?[A-Z]["]+|"")*)"\\s*(?[A-Z],|$)))?((")\1|[,]*)
\s/<[\x21-\x7E]2(.*)<\/[\x21-\x7E]2>/<[\x21-\x7E]1\1<\/[\x21-\x7E]1>/[0-9]
\s/^(.*NUM[A-Z])(.*NUM[A-Z].*)$/\2/
\s/([ACGT]*)_\1/$1/
((['"]).*\2|\S+)
(['"])(.*)\1
<([>]+)>([<]{100,})<\1>
\\s+((["\']).*(\2)\2)|\\s\\s+
<([>]*)>(.*)</\1>
\?([ ]*) -> \1
(\\[0-9]+)\\1
\s/^([/]*)(\/B\/C\/)([/]*)$/\1\2\1/
^(0+)(\.\1){2}$
([A-Z])(^\1*)(\1+$)
\G(\A(?[A-Z]XXX?|III?)$)([A-Z])(\1+$)
{(.)(.*\1)}
^.*(['"])(.*)\1
%\s/^([123])(.+)/#\1\2/[0-9]
[A-Z]%\s/\v^([123].+)/#\1/[0-9]
(['"])(.*)\1|(['"]+)
(["' >]*)\1
((.)\2+)
(.+)(?[A-Z].*\1){2}
^([-+]).+\1$
([.']*)\1([.']*)
\s#^([\;]+);([\;]+);[\;]+;([\;]+);.*$#<[0-9][A-Z]><[0-9][0-9]>\1</[0-9][0-9]><[0-9][0-9]>\2</[0-9][0-9]><[0-9][0-9]>\3</[0-9][0-9]></[0-9][A-Z]>#
\s[A-Z]^([;]+);([;]+);[;]+;([;]+);.*[A-Z]<[0-9][A-Z]><[0-9][0-9]>\1</[0-9][0-9]><[0-9][0-9]>\2</[0-9][0-9]><[0-9][0-9]>\3</[0-9][0-9]></[0-9][A-Z]>[A-Z][A-Z]
\s/.*-q ([ ]*) .*/\1/
(["'])(?<q>.+)\1
.*>(([[A-Z]]+)[A-Z]<.*\2)[A-Z]
\s[A-Z][-!"#$%&'*+,./[ \[\x00-\x1F\x7F]];<=>?@[\\\]_`{|}~]=(["'])[-!"#$%&'*+,./[ \[\x00-\x1F\x7F]];<=>?@[\\\]_`{|}~][0-9][0-9][A-Z](.*)\1
\s/^[=]*= *"(["]*)"$/\1/
\s/.*[&?]CD=([&]*).*/\1/
\s/[=]*=([ ]*)[=]*=([ ]*)[=]*=(.*)/\1;\2;\3/
#(.*)=([\'"])(.*)\2#
\s/^(.*)[A-Z].*/\1/[0-9]
\s/^(.*)[A-Z].*/\1/[0-9]
(.+).*\(@.*\1.*\)
(.*).*\(\@ \1 \)
(.*).*\(@ \1 \)
[A-Z]\s/(\(.*\))/(\1) \1/[0-9]
(.+)\1+
^(.+)\1+$
^([\\s]+)\1+$
\s/^.+UUID="(.*)" .+$/\1/[A-Z]
<(.*)>.*</\1>
\s/([0-9]+) /\1/
\s/[']*'([']*)'.*/\1/[A-Z]
<(.*)>(.*)<\1>
<([>]+)>([<]+)</\1>
{(.+)}(.*){/\1}
\s/.*MANGO([0-9]+).*APPLE.*WHITE.*/\1/[A-Z]
(\\\\?")(.*)\\1
(\\?")(.*)\1
(.+) \1
\s|^([.]+).*$|\1|; \s|^[0-9]*([0-9]+).*$|\1|
\s/.*_([0-9]*)\..*/\1/[0-9]
\s/([0-9]*([0-9]*)){1}.*/\2/
\s/([0-9]*([0-9]*)){2}.*/\2/
(\${1,2})((?[A-Z]\\.|.)*)\1
(\${1,2})((?[A-Z]\\.|[\\s\S])*)\1
(?[A-Z](^)|((.)))((^)[\x21-\x7E][0-9][0-9][A-Z]\s?[A-Z]//.*(\1)|[\x21-\x7E][0-9][0-9][A-Z]\s?[A-Z]//.*(\\s|$))
\s/([0-9]*)\-.*\.j[A-Z][0-9]/\1.j[A-Z][0-9]/[0-9]
(\\[0-9]+)<(.*)>(.*)</\\1>
(\\[0-9]+)\\\s*<(.*)>(.*)</\\1>
\\[0-9]{5}\\\s+<([A-Z]+)>([<]+)</\\1>
*\[.*([-+]{9,}).*\].*(>).*\1.*(>).*
\[.*([+-]{9,}).*\].*>.*\1.*>
^.*\[.*([+-]{9,}).*\].*>.*\1.*>.*$
(.+)\1{3,}$
\s/(\<[\>]+\>)\-([\<]+\<\/)/\1_\2/
\s/^(([;]*;){4})[;0-9]+/\1/
([[A-Z]]+)[A-Z][A-Z]([[A-Z]]+)[A-Z]([[A-Z]&]+)(?[A-Z][A-Z][A-Z]|&)\1
(-{10,})(.*)\1
(^-{84}$)(.*)\1
<(.*\\s[0-9][0-9]=)(.*)(\\s+.*)?>.*</\1>
([1-8])(?[A-Z].+)\1
([1-8])(.+)\1
^(.+)\1+$
(.+)\1+
(\\[[\\[\\]]*\\])(.*\\1)
\s/^([|]*\|)0+/\1/
\s/^(([|]*\|){1})0+/\1/
\s/(.*)/\U\1/[0-9]
(<([A-z]+)[>]*>.*</\2>)
^([\'"])(.*)\\1$
([0-9]+)\1+
[A-Z]%\s#\v(\(\.)([,]*,)([,]*,[,]*,[,\.]*\.\))#\1\3#[0-9]
^([1-3]{2}$)(.*(.).*\1).*$
^.*(.)(?[A-Z].*\1){2}
\s/.*([0-9\.]+).*/\1/
\s/\(^([ ]*[ ]\+[ ]\+)[ ]\+[ ]\+[ ]\+[ ]\+[ ]\+[ ]*$\)/\2&/
(.+)\1
([.\?#@+,<>%~`!$^&\\[A-Z];])\1+
(={2,6})(\S+)(\1)
\s/(.*)([.-])(.*)=(.*)/\1_\3=\4/[0-9]
\s/^["]+"(["]*)".*/\1/
(.*)\1
(..+).*\1.*\1
([=]{3})\\s*(.+)\\s*\1
^(=+).*\1$
[A-Z]%\s/\v"(["]+)".*_\z\s[0-9][A-Z]\s[0-9]/\1/[0-9]
^"B-([0-9]+),I-\1"$
\s/ ([ "]*|"["]*")/;\1/[0-9]
(A[L]?[L]?_[\\s]*)(.*)(\1)
\s|(.*)-|\1/|
\s/#([#]+)#/===\1===/[0-9]
(.)(.*\1)
(.+)(\1)(\1)?
<([>]+)>([<]*)</(\1)>
\s/[0-9]\s\(((\([]*\)|[,])*),((\([]*\)|[,])*),((\([]*\)|[,])*),((\([]*\)|[,])*)\)/[0-9]\s(\1,\7,\3,\5)/[0-9]
^(.*\\[A-Z]{N[0-9]})(.*\\[A-Z]{L})(.*(.{2,})\\1).{5,12}$
\s/XX (["]+)/\1 XX/
\s/"(XX) (["]*)"/"\2 \1"/[0-9]
\s/('[0-9]+),([0-9]{8,}')/\1.\2/[0-9]
\s/('[0-9]+),([0-9]{8,}')/\1.\2/[0-9]
^(.*[!@#$%^&])(.*(.).*\1.*\1)[\\s~,'.[A-Z];^|]{10,20}$
^(.*)/\1$
\s/(.*)/\1.[A-Z]y/[0-9]
\s/(.*)/\1.[A-Z]y/[0-9]
\s/\G([\/.]*)\./\1\//[0-9]
(["\'])(["\']+)\1
\s/("XXXX"\\s*[A-Z]\\s*)(")?[",]*(")?/\1\2YYYY\3/
\s/("XXXX"\\s*[A-Z]\\s*)(")?[",]*["]*/\1\2YYYY/
\s/("XXXX"\\s*[A-Z]\\s*).*$/\1"YYYY",/
\s/("XXXX"\\s*[A-Z]\\s*)((")["]*"|[,]*)/\1\3YYYY\3/
\s/^(.*), *(.*) (..), ([0-9]{5})/\1|\2|\3|\4/
(.+)\1
<([-+*]{2})(.+)\1>
/^([\\s]+[\S]*).*$/\1//
/^([\\s]*[\S]+).*$/\1/
(..+)(\1+)
^(..+)\1+$
/REGEXP[A-Z].*%22(.*)%22[A-Z]\1.z[0-9][A-Z]
."(.*)"\1.z[0-9][A-Z]
(\(?)(")(.+)\2\1
<([>]+)>(.+)<END_\1>
<([>]+)>(.+)<END_\\1>
([@]+@[@]+)(.*)\1
([[A-Z]])([[A-Z]])([[A-Z]])([[A-Z]])([[A-Z]])([[A-Z]])([[A-Z]])([[A-Z]]*[A-Z]){4}[[A-Z]]*\1\2\3\4\5\6\7
\A\*(([*])\2*)\*(([*])\4*)\Z
/(^=586.*)\.$/\1/
\[([\]]+)\]\[/\1\]
\[([\]=]+)(=[\]]*)?\]\[/\1\]
^.(.)((?[A-Z].*\1){2})((?[A-Z].*\1){3}).*\1$
^.(.)((?[A-Z].*\1){3}).*\1(.*)\1$
\s/__([_]+(_[_]+)*)__/{{\1}}/[0-9]
^(.*)(\\1+)$
(?[A-Z]^|,)("?)(.*)\1(,(\\s)|$)
%\s/\v\\s*([[A-Z]]*)[A-Z]\z\s.*/\1/
\s|[;]*;/([;/]*(/[;/]*)*)/.*|\1|
\s/([0-9-]+\.[0-9]*,[0-9-]+\.[0-9]*)/[\1],/[0-9]
(.*)(\\1+)
^(.{64}$)(.*(.)(.*\1))
\s/^(([.]+.){3})([.]+).*/\1\3/
/(\[\\s*([\]]+)\\s*\])((.*)(\[\\s*\/\\s*\2\\s*\]))/
/(\[\\s*([\]]+)\\s*\])(.+)(\[\\s*\/\\s*\2\\s*\])/
^(.*)(\\1+)$
(.*)(\\1+)
^1?$|^(11+)\1+$
(["'])((\\{2})*|(.*[\\](\\{2})*))\1
(\*\*\*)([*]+)\1
\sµ(.*)[A-Z].*$µ\\§\1§[0-9]µ
(_)\s[A-Z][-!"#$%&'*+,./[ \[\x00-\x1F\x7F]];<=>?@[\\\]_`{|}~]=([\'"])?(.*)\\1
([\\s~+"-])\1+
(<!.*>).*\1
(?[0-9])^(.*(.).*\\1)
(?[0-9])^(.*(.)\\1)
~<(\S+).*>.*</\1>~
~<([>\\s]+)[>]*>.*</\1>~
%\s/\v.{-}([0-9.]+).*/\1/
(['"])(?[A-Z]\1|.*[\\]\1)
((.)\2+)
\s/^([0-9]+) 9/\1 /
\$_REQUEST\[(['"])(.*)\1\]
([*][*])(.*)\1
\s=^([[A-Z]]*)[A-Z][/]*/([/]*)/.*$=\1[A-Z]\2=
(.*)\(.*\)\1
(.+)=@\\1@
(<.+\/>)(\1)
(<.+\/>)(\1)
(<[>]+>)(\1.*\1)
^(.)(.)(.)(.)(.)\4(.)((?[A-Z]\1.*\1|\2.*\2|\3.*\3|\4.*\4.*\4|\5.*\5|\6.*\6).*)$
\s/[\x21-\x7E][A-Z][A-Z]f="(["]+)\.[A-Z][\x21-\x7E][A-Z]"/[\x21-\x7E][A-Z][A-Z]f="\1"/[0-9]
\s|[\x21-\x7E][A-Z][A-Z]f="(["]*)\.[A-Z][\x21-\x7E][A-Z]"|[\x21-\x7E][A-Z][A-Z]f="\1"|[0-9]
"<([>]+)>.*</\\1>
/(.*)\1
((`)[\\s\S]*)?\*\*([\\s\S]+)\*\*([\\s\S]*\2)
<([ ]+) ?([>]*)>([<]*)< ?/ ?\1>
(\*\*\*|\*\*|\*)(.*)\1
(\*)(.*)\1
(\*{1,5})(.*)\1
([-]*)-\1
\s/\^\\s*[#](.*)$/\1/
<(.*)>( \S+ )+</\1>
\s|[-!"#$%&'*+,./[ \[\x00-\x1F\x7F]];<=>?@[\\\]_`{|}~][-!"#$%&'*+,./[ \[\x00-\x1F\x7F]];<=>?@[\\\]_`{|}~][A-Z]A[0-9][0-9]\((.*),(.*)\)|\1 + \2|[0-9]
\s/[-!"#$%&'*+,./[ \[\x00-\x1F\x7F]];<=>?@[\\\]_`{|}~][-!"#$%&'*+,./[ \[\x00-\x1F\x7F]];<=>?@[\\\]_`{|}~][A-Z]A[0-9][0-9](\(.*\),\(.*\))/\1+\2/[0-9]
(=+)[=]+\\1
\s/((^)\\s*(\S))|((\S)\\s*($))|(\\s)\\s*/\2\3\5\6\7/[0-9]
 -[A-Z] '\s/(^\\s*(\S))|((\S)\\s*$)|(\\s)\\s*/\2\4\5/[0-9] 
\s/(.*)([\!\?\,;\.]|--)(.*)([\!\?\,;\.]|--)/\1\2________________\4/[0-9]
\s/(.*;.*)([0-9]{4};.*)([0-9]{4})/\1\.\2\.\3/[0-9]
\.j\s\((['"])(.*)\1\)
\s/([0-9]+)-.*/\1/
[A-Z]%\s/\v(.*)\\s*\1/\1/
\s/([0-9]+),/"\1",/[0-9]
^(^[0-9]+$)[0-9_].{5,17}(.)\1$
\s#(.*[A-Z]//).*@(.*)#\1\2#
^.+<A\\s*HREF\\s*(["'])(.*)\1>
\s/.*CN=(.+),OU=.*/\\1/[0-9]
\s/^\\s*(\S+)\\s+(\S+\\s+){2}(B34)\\s+(\S+)/\1, \3 \4/;T;\s/B//[0-9];[A-Z]
\s/([,]+,?){3}/\/(^[,]+,){2}\1$\/[A-Z]/
\s/(\S+\\s?){3}/\/(^\\S+\\\s){2}\1$\/[A-Z]/
(;[1-9]+;).*\1
\s;.*/(.*)/.*-?([0-9]+).*;\1 \2;
\s/(.*) - (.*) - (.*)/\1 - \3 - \2/
(.)(\1*)
((.)(\2*))
\s/^([.]+).*$/\1/; \s/^[0-9]*([0-9]+).*$/\1/
\s/.*(\S+)$/\1/
\s=(/(.+)/)\2=[A-Z]
\s/^(.) (\S+) \\\\(\S+).*$/\1 \2 \1_\3/
\s/.+"(\{.+\})".*/\1/[0-9]
(.+)(.+)\1
("|').*\1(*SKIP)(*FAIL)|\{(?[A-Z][{}]|(?R))*\}
\s_([[[A-Z][0-9][0-9][0-9][0-9][0-9][A-Z]]]+)"\)$_& [A-Z][0-9][0-9]="\1"/>_
\s/(\([0-9]*\))-\([0-9]*\)-\([0-9]*\)/\1\2\3/
\s/"(["]*).*/\1/
\s/^\\s*([0-9]+)\\s*/\1-/
\s/(\S+).*/\1/
(.+) AND \\1
\s/([;]*)/[\1]/[0-9]
(.+) \1
([йцукенгшщзхъёэждлорпавыфячсмитьбю]+)(.*\1)
\s/,([0-9]+(;|$))/.\1/[0-9]
[0-9][A-Z]f\{(.+)\}.*[0-9][A-Z]f\{\1\}
<(.*).*<\/?\1>
<(.+)>(.*)</\1>
(.+) \1
^(.*/)(.*)[A-Z][A-Z]\2$
\s/(=)([0-9.]+)\|/\1\2,/[0-9]
(.)(.*\1)
(.)((.*\1){3,})
(.*)\1
(\\[0-9]*), \\1, \\1(\\[0-9])
(?[A-Z]^|[*])_*([*](?[A-Z][*]{2})*)?[*_]+\1_*(?[A-Z][*]|$)
(?>REF)?(\\[0-9]{3}+)(-?)(\\[0-9]{6}+)\\2(\\[0-9]{3}+)
^(\\[0-9]+)=\\1$
^\\\s*(\\[0-9]+)\\\s*=\\\s*\\1\\\s*$
^\\\s*(.+)\\\s*=\\\s*\\1\\\s*$
\s/([,],[,],[,],)(.*)(,.+,.+)/\1
\s/([,],[,],[,],)(.*)(,.+,.+)/\2/
\s/([,],[,],[,],)(.*)(,.+,.+)/\1
\s/([,],[,],[,],)(.*)(,.+,.+)/\2/
\s/([,],[,],[,],)(.*)(,.*,.*)/\1"\2"\3/
\$\{([\}]+)\}([\S\\s]*\$\{\1\})
(=)('|").*\1(.*>)
(?\s)^(DATA GOES HERE\R)(.+)(\1|\z)
\s/[0-9][0-9]='(.*)'/\11/[0-9]
\s/[0-9][0-9]='(.*)'/\11/[0-9]
\s/\.([.]+)\./;\1;/
\v(.+).*\|.*\1
(.{3})(.*)\1
(.{3})(.*)(\1)
(.+)((.+))\1\2
\s/('[']*'|[,]*),/\1
\s/('[']*'|[,]*),/\1X/[0-9]
\s/('[']*'|[,]*)(,|$)/\1
\s/([0-9]+).*/\1/
\s/^.*([0-9]+).*/\1/
\s/([0-9]+).*/\1/[0-9]
(.+)\1
\s/\([A-Z]+(_{0,1}[A-Z]+)+\)/\1/[0-9]
/<[\x21-\x7E]([1-6])(.*)<\/[\x21-\x7E]\1>/
\s/(\\sLOB.*"L_.+_)([0-9]{10})("\()/\1
\s/(\\sLOB.*"L_.+_)([0-9]{10})("\()/\1
\s/(LOB.*"L_.*)([0-9]{10})("\()/\1
^(A+B*C?) \1$
/\[([\]]+)\](.*)\[\/\1\]/[0-9]
\[([\]]+)\](.*)\[/\1\]
\s/"(.*)"/``\1''/[0-9]
\s/``(.*)''/"\1"/[0-9]
\s/(\S+)@(.*)/\2@\1/
(.)((?[A-Z].*\1){4})
[A-Z]%\s[A-Z]\v(^[']*'[']*)'[A-Z]\1 '[A-Z]
\[([\]]*)\](.*)\[\/\1\]
\[([\]]*)\]([]*)\[\/\1\]
\[([\]]*)\]([\\s\S]*)\[\/\1\]
/\[([\]]*)\]([\\s\S]*)\[\/\1\]/[0-9][0-9]
(.)(.*\1)
\s~(.*)</[0-9][0-9]v>.*~\1~[0-9]
(<[>]+>)\\1+
(,,+)\1+
(.*)\\1
(.*)\1
\s/^(.)([ ]* )(.)/\U\1\E\2\U\3/
^(.*)(.{3,})(.*)\2(.*)$
\s,^//[@/]*@([/]*)/.*,\1,[A-Z]
\s/(.*) /\1-/[0-9]
(..+)\1
^(.+)\R([\\s\S]+)\R\1
\s/(.*)\*\*\*.*/\1/[0-9]
\s/MD5 (\(.*\)) = \(.*\)/\1 \2/
\s/ /_/[0-9]; \s/MD5_(\(.*\))_=_\(.*\)/\1 \2/
(^(.+)\\s*.*)\R\2
\s/[,]*,([,]*,[,]*)/\1/[0-9]
((\$)\2+)
(\.)(.+)\1+(\D)
(.+)\1+
^[\.](.+)\1+\D$
(\.)(.+)([0-9])\1+
(\S+)(\\s\1)
%\s/\v(.*), .*(\);)/\1\2/
(.+)(.*\1)
\s/(.*)/\1/[0-9]
\s/(.*)/\1/[0-9]
(.*)\1
(.+)(\1+)
^(.*)(ABCD)*(ABCD(.*)$)(.*\1\3$)\3.*\3
^(.*)(ABCD)*(ABCD(.*)$)(.*\1\3$)\3.*\3
\s/^\"([0-9]{4}-[0-9]{2}-[0-9]{2})(.)(.*)\"$/\"\1 \3\"/[0-9]
.?|(..+)\\1+
\s/^([0-9]{3})([0-9]{3})([0-9]{3})([0-9]{3}).*$/\1.\2.\3.\4/[0-9]; \s/(^|\.)0*([0-9]+)/\1\2/[0-9]
\s/^([0-9]{3})([0-9]{3})([0-9]{3})([0-9]{3}).*$/\1.\2.\3.\4/[0-9]; \s/0+([0-9]+\.?)/\1/[0-9]
\s/^.*[ ]+\">([<]*)<.*[ ]+\">([<]*)<.*[ ]+\">([<]*)<.*[ ]+\">([<]*)<.*$/\1/[A-Z]
((["|]).*\2)
([0-9]*),([0-9]*)(?>=\1)
\s/^(([,]*,){5})([,]+)[0-9]{4},(([,]*,)*)([,]+)[0-9]{4}(,[,]*)$/\1\3\4\6\7/
(?[A-Z]__\(|\G['"]\\s*,\\s*)(['"])\K.*((\\)\1)
(?\s)~~~ START ([~]*).*END \1 ~~~
-(</TD>)([\1]+)\1
(\*\*)([\1]+)\1
^(.*)V\1$
(.+) \1
^.*[\/]\/([\/]+)\/(?[A-Z]\1\/[\/]+\/([\/.]+)|([\/]+))
(B1541)(.{12})(.*)\1(.*)
(["'])  \1(*SKIP)(*FAIL)|[ ]{2}
(((?[A-Z]["\\]+|\\.)*))\1
(CK_\S*)\\s.+\1
(?[A-Z]\\s|^)(CK_\S*)(\\s.*(\\s)\1(?[A-Z]\\s|$))
(['"])['"]*\1(*SKIP)(*F)|<[>]*>
\s/(.*)/\1/[A-Z]
(.+)\1+
(.+)\1+
([,./-]*([,./-])(?[A-Z][,./-]*\2){4})
[\x21-\x7E][A-Z][A-Z]f[ ]*=[ ]*("|')(.+)\1
[|]([*_@=])[|]+\\1[|]
^\[(.+).*\1[0-9][A-Z]$
\s|(.*[A-Z]//)?([/]*).*|\2|
(["']?)(['"].*['"])\1
^(\\[0-9]{8,11}$)(?[A-Z](.)\\1*)$
^(\S+) ((?\s[A-Z].)*(\1.*)).*
^(\S+) ((?\s[A-Z].)*\1.*).*
\s#\"[ ]*([0-9]+)[ ]*\"#\1#[0-9]
(?[A-Z]([-+0])(\2))?
([-+0]?)(.?\1)
/<[ \/>]+ ?\/>|<([ \>]+) ?[>]*>.*<\/ ?\1>/\s
\s/^.*[\/][\/]\/\/([\/]+).*/\1/
("+)(.*)\1
^("+)((.*)(\\)(?[A-Z]\\\\)*)\1$
;([;]*;)\\1;
([;]*;)\\1
([;]*;)\\1;?
([$@*&?]).*\1(.*)
@<(?[A-Z][\x21-\x7E][34])>(.+)</\1>@\sU
@<([\x21-\x7E][34])>(.+)</\1>@\sU
(\((['"]))(.*)\1
^(?[A-Z](##).)*(##[#]*##)(.*\1).*$
^(.+){2,}\1$
\[(.*)\](.*)\[\/\1\]
15\s!@[/]+(/[/]+/[.@]+@[.]+).*$!\1/![0-9]
\s/(.*\..*)\/(.*)@\1/\1\/\2/[0-9]
(.*\..*)\/(.*)@\1
\s/(.*\..*)\/(.*)@\1/\1\/\2/[0-9]
<(.*)\\s*.*>\\s*<\/\1>
\s/^(.*[A-Z][A-Z]q[A-Z][0-9][A-Z][A-Z]\()[A-Z][A-Z]q[A-Z][0-9][A-Z][A-Z]\((.*)\)/\1\2/
( |^)(\S+)(?[A-Z] \1){2,}( |$)
/\[(.+)\](?[A-Z]([\]]+)\[\/\1\])?/[0-9]
\s/(PIXEL_SCALE\\s*)[0-9]+[0-9]+/\10.3/
(..*)(\1(\1*$)|$)
(..*)(\1*$)
<([0-9][0-9]v)>\[([\]]*)\]<\/\1>
(\[\[NOTE\]\])(.*)\1
\[{2,2}(NOTE)\]{2,2}(.*)(\[{2,2}\/\1\]{2,2})
\[{2,2}(NOTE)\]{2,2}(.*)\[{2,2}\/\1\]{2,2}
(\[{2,2}NOTE\]{2,2})(.*)(\1)
\s/(.)(.+)(.)/\3\2\1/
\s/^([0-9]+).*/\1/
(["'])([\1]+)(?[A-Z]\1)
\s/^USE (.+);/\1/[A-Z]
\?.*\K([=]+)(?[A-Z]=[&]*)?&(.*)\1=(.*)(?[A-Z]&|$)
(.*)\\1
^(.{8}$)(999|[0147]|(.)\1+)[0-9]+$
^(\S+).*\1
[A-Z]%\s/\v^(\\s*\S+\\s+\S+).+/\1/
^[#]*#([#]*)#[#]*#\1.*$
^[#]*(#[#]*#)[#]+\1.*$
^(\S+).*\R((?>.*\R)*\1 )
(((.)(.)(.)))(\2|\2\3|.+)\1
\s/(^.*[0-9][0-9]=")(["]+)(.*$)/\2/[0-9]
(.+\((.+),\2,\2\).+)
(.+\((.+),\2,\2\).+)
<(.*)>.*</\1>
\s/<([<>]*)>\\s*<\/\1>//[0-9]
<[0-9][A-Z][>]*>.*(<(\S+)[>]*>([<]|(?1))*<\/\2>).*<[0-9][A-Z][>]*>
[\x21-\x7E][A-Z][A-Z]f=(["'])(["']+\.[A-Z][0-9]f)\1
([-!"#$%&'*+,./[ \[\x00-\x1F\x7F]];<=>?@[\\\]_`{|}~]+)*\1
^(.*(.))((.*\1){4}).*$
((?[A-Z][A-Z]{2,4})(?[A-Z][0-9]{4,})(?[A-Z][0-9A-Z]{1,2})?)(.*\1)
^(.+)\1+$
(.+)\1+
(.+)(\1+$|$)
(.)((.*))((\1.*\1\2$).+)
 (.*)(\\s\=\\s)   \1\=
(1[A-Z][|]*\|)\1+
\s/ ([ ]+)$/@\1/
\s/\\s([\\s]*)$/@\1/[0-9]
\s/^(([ ]* ){3})/\1/
\s/^([ ]* ){3}/\1/
[ ]+|(<([ ]+)[>]+>[<]+<\/\2>)|(<[>]+>)
(<([ ]+)[<>]+>)\\s*([<]+)\\s*(<\/\2>)
(<([ ]+)[<>]+>)([<]+)(<\/\2>)
\s_^[/](.*)_\1_
\s_^[/-](.*)_\1_
\s/"([[[A-Z][0-9][0-9][0-9][0-9][0-9][A-Z]]]+(\.[[[A-Z][0-9][0-9][0-9][0-9][0-9][A-Z]]]+){0,1})"/\1/
\s/[ ]+ MD5 [A-Z] (.+)/\1/
/\\*(((?[A-Z][*]+|\\*(/))*))\\1\\*/
(.)(.*\1)
\s/(^[0-9]*$)/\1/[A-Z]
\s/(^[0-9]+(^M)?$)/\1/[A-Z]
(\\S)(\\S)(\\S+)\\1(\\\s|$)
(\S)(\S)(\S+)\1(\\s|$)
(\S)(\S)(\S*)\1(\\s|$)
(.+)\1
(?[A-Z](,)|([<>=]) +( *[<>=])|(?[A-Z](,)))((?[A-Z](?[A-Z]['"]*(?<\s>['"])(?[A-Z](\\[0-9]{\s}).)*\\[0-9]{\s}))*['"]*$)
\\24(.*[A-Z].*)\\24
.*\\24(.*[A-Z].*)\\24
((["']).*\2|(?[A-Z][\\ ]+\\\\s+)+[\\ ]+|\S+)
\s#/([/]+)/#\1#
(.+)(.+)\1\2
<(([<>]+)>)([<>]+)(<(\1))
([!"'><+_^@#=/\\-])\1+
\s/\(.*\)\((\)\([0-9,].*\)\([, ].*\)\([0-9].*\)\()\)/\1\2\3\6/[0-9]
^(\S*\\s)(.*(.)\1{2}).{14,}\.$
\s/^([[[A-Z][0-9][0-9][0-9][0-9][0-9][A-Z]]]+)/\\\1/
\s/^([[[A-Z][0-9][0-9][0-9][0-9][0-9][A-Z]]]+)/\\\1/
\s/^.+[\x21-\x7E][A-Z][A-Z]f="(["]+)".+$/\1/
\s/("["]*"|\S+)\\s+/\1,/[0-9]
(.+)\1+
\[([72])([\s[0-9][-!"#$%&'*+,./[ \[\x00-\x1F\x7F]];<=>?@[\\\]_`{|}~][\x21-\x7E]]) (?\!\1)([72])(?\!\2)([\s[0-9][-!"#$%&'*+,./[ \[\x00-\x1F\x7F]];<=>?@[\\\]_`{|}~][\x21-\x7E]])
\s/^(\S+\\s){8}(.*)/\2/[A-Z]
\s/^(\S+\\s){8}(.*)/\2/[A-Z]
^(.*[!"#$%&'*,,\/[A-Z];<=>?@\[\]^_`{|}~-])(.*(.)\1\1).*$
(.*)( EUR)\1*
(.*)( EUR)\1*
^(1|7|99)(.*,\1)(?[A-Z],(?[A-Z]1|7|99))*$
\s/.*>([>]+$)/\1/
\s/([[A-Z]]*[A-Z][[A-Z]]*)[A-Z].*/\1/
\s/([[A-Z]]*[A-Z][[A-Z]]*)[A-Z].*/\1/
\s/([0-9]+)(.*)/\1/
(?[A-Z]^|,)([,]+)(.*,\1(?[A-Z],|$))
\s/([_]+).*/\1/
\s/([_]+).*/\1/
^(.*(^|,)([,]+),.*\2(,|$)).*
/<([\x21-\x7E][2-4])>([<>]+)<\/\1>/[0-9]
(^[0-9]{4}(-[0-9]{2}){2}([|]+\|){3}).*(\1)
(^[0-9]{4}(-[0-9]{2}){2}([|]+\|){3})(\1)
\s/["]*"(["]+)"["]*/ \1 /[0-9]
\s/["]*"(["]+)"["]*/ \1 /[0-9];\s/([0-9]{1,3}(\.([0-9]{1,3}){2})\.([0-9]+))\.[0-9]+/\1.0/[0-9]
\s/([0-9]{1,3}(\.([0-9]{1,3}){2})\.([0-9]+))\.[0-9]+/\1.0/[0-9]
\s/#\!.*/(.*)\>/\1/[0-9]
\\s([[A-Z]]*)\\s?[A-Z]?[A-Z]([0-9]+)(.*\1[A-Z]-([0-9]*))
(.*)\1
[A-Z]1,$ \s/(\["\S*)\\s+(\S*"\])/\1\2/
(.+)\\1
(['\"])(?[A-Z]\\1|.*\\1)
^(.*)(\\s\1)
\s/.*_([0-9]+).*/\1/
(.*)\1
^(\\s*)\*\1$
\s/ ([0-9]+) /,\1,/;\s/ ([0-9-]+)$/,\1/
\s/^([ ]*) ([0-9]*) (.*) /\1,\2,\3,/
\s/ ([0-9]*) (.*) /,\1,\2,/
\s/.*(AS[0-9]+) (["]+).*/"\1","\2"/
(\S+)\\s+=\\s+("?)(.*)\2
\[\!([\\s\S]+)\]\\s+([\\s\S]+)\\s*\[@\1\]
(^|[0-9])([0-9]+)([0-9]).*[0-9]\2([0-9]|$)
/\\s*((ABC|A)(/\2+).*)\\s*/[0-9]
\s/^[0-9]*(([0-9]+\.)*[0-9]+).*/\1/[A-Z]
\s/<CITY>(.*)<\/CITY>.*<COUNTRY>(.*)<\/COUNTRY>/<ADDRESS>\1 \2<\/ADDRESS> /[0-9]
([0-9]{3})(.*\1.*$)
(.{2,})(.*\1)
\s/((^|\|)[|,]*,) ?|, ?/\1 /[0-9];
(A)(X+)(\\1)
((.)\2*)
^(([OMHE])(.*\2)){4}$
-([\/\\s]+)(.*-\1)
^([.]+).[.]+.\1$
("|')(.*.\sv[0-9])\1
("|')(.*\.\sv[0-9])\1
(["'])(.*\.\sv[0-9])\1
URL\(\\s*(['"]?)(.*)\1\\s*\)
^\\s*(_?)(\S+)\1\\s*$
\s/(~.*) {2,}/\1 /[0-9]
\s/"([0-9]+)"$/\1/
/^(.*)$/-\1-/
\s/-([-]*$)/_\1/
\s/(.*)-(.*)/\1_\2/
\s/(["]*"["]*"["]*")(["]*)"(["]*")/\1\2\3/
\s/(["]*"["]*"["]*")(["]*)"(["]*")/\1\2\3/
^( +)\1
<(.*)>(.)(.*)<\/\1>
(.+)\1+
\s/(\$[[A-Z]]+)[A-Z][$]+\$/\1$/[0-9]
/(?[A-Z]\[([\]]*)\])(.*)(?[A-Z]\[\/\1\])/\s
(.+)\\1+
(.+)\\1+
^(.+)\\1+$
0\.(.+)\\1+
(.+)\\1+
\\(?\\[0-9]{3}\\)?([-.]?[\\\s]*)\\[0-9]{3}\\1\\[0-9]{4}
^\\(?\\[0-9]{3}\\)?([-.]?[\\\s]*)\\[0-9]{3}\\1\\[0-9]{4}$
^(([;]*;).*\R(?[A-Z].*\R)*)\2.*(?[A-Z]$|\R)
^(([;]*;).*\R(?[A-Z].*\R)*)\2.*
^(([;]*).*\R(?[A-Z].*\R)*)\2.*
[[A-Z]P][0-9][A-Z][-!"#$%&'*+,./[ \[\x00-\x1F\x7F]];<=>?@[\\\]_`{|}~][A-Z]_?[[0-9]I][[0-9]D] *= *("?)(?<P[0-9][A-Z][-!"#$%&'*+,./[ \[\x00-\x1F\x7F]];<=>?@[\\\]_`{|}~][A-Z]ID>[A-Z0-9]{11})\\1
(\S+\\s*)\1{2,}
(.)(\1*$)
(.)(\1*$)
(.)(\1*$)
\G(\S+)( (\1 ))?
\G(\S+)( (\1(?[A-Z] |\z)))?
(.)(.*\\1)
^(\S+)(\S*)\\s+(\S*(\1)\S*)$
\s/([0-9])(9*~[0-9]*\1([0-9]))/$2/[0-9]
[A-Z]\s/\v\-\>(.*)>/['\1']/[0-9]
\s#.*(DMJK.*).[0-9]*#\1#[0-9]
\s/([-][1-9][0-9]*) /\sq[A-Z][0-9](\1)/[0-9]
^(.+)\1+$
\s/(.*[0-9])([0-9]+)/\2[A-Z]\1\2/
\s/^(([ ]+ ){11})([ ]+)/\3[A-Z]\1\3/
\s/([0-9]+)./\1,/[0-9]
\s/([0-9]+)./\1,/[0-9]
\s/^(([,]*,){2}[,]{5})[,]/\12/
/^([\x21-\x7E][0-9][0-9][A-Z]\s?[A-Z]\/\/.*)\1$/
^(\S+)\1+$
("|\'|)(.*)\\1
^(.*)[\/]+$ \1
/^(.*)(_.*)$/\1/
(\S)(?[A-Z]\S*\1){5}\S*
\s/([$]+)\$([_]+)_([$]+)\$([$]+)/\1$\2-\3$\4/
(.*)"\\s*=\\s*"\1
(.)(.*\1)
^(.+)$([\\s\S]*^(\1)$[\\s\S]*)
^(.+)\R([\\s\S]*)\1$
((.)\2*)
((..)\2+$)
((.[789])\2+$)
(/.+)\1
(.+)(.*\1)
^[\S\\s]*^([]*=)\[\[.*\]\]\K\]\R\1\[(.*)\]$
(?[A-Z](['"])[\2]*\2)?
(.+)\\1+
(.+)\\1+
(.+)\\1+
\s/(?\s).*(<!-- LIST -->.*-- \/LIST -->).*/\1/
(<.*>)\1+
\s/(--> [0-9[A-Z].]+)/\1 L[A-Z]90%/
\s/#~#0(\.+)#~#/#~#\1#~#/[0-9]
(.*)=%{DATA[A-Z]\1?}\\s
(\*)(.*)\1
(\/)(.*)\1
<([A-Z][A-Z0-9]*)[>]*>.*</\1>
(\S+\\s*)\1
(.+)\1
\s/("\?\(.*\)"\?,.*)/\1/[0-9][A-Z]
\s/(\(.*\),.*)/\1/[0-9][A-Z]
\s/("\?\(.*\)"\?,.*)/\1/[0-9][A-Z]
\s/("\(.*\)",.*)/\1/[0-9][A-Z]
(.+)(.+)\2\1
\s/(QA.)|(DEV.)(.*)/<!-- \1\2\3 -->/
\s/(QA.|DEV.)(.*)/<!-- \1\2 -->/
(^\\s*\}\\s*)\1
/^(\S+) ((?\s[A-Z].)*\1.*).*
{([PF])}(.*){/\1}
\s/^(.*)"$/\1/
/^#/\s/(\(.*\))/\1/
(\={1})(.*)\\1
(('|").*[\\\2]\2)
(\$\$.*)<(.+)>(.*)<\/\2>.*\$\$
[A-Z]%\s/"([0-9]+.[0-9]+)"/\1/
\s/<[A-Z]>(([\.]*\. [A-Z])*[\.]*\.) [A-Z]/\1/[0-9]
N;\s/.* = (\S+).* = (\S+).*/\2\1/;\s/..\B/&[A-Z]/[0-9]
([_![A-Z]])(.*\1)
^('|\")(.*)\\1$
/^[A-Z]/ \s/^ *([ ]*) *= *(.*)[.](.*)$/\1 = \2 \3/
\s/^(\s[A-Z][A-Z]v[A-Z][A-Z]1.*)([0-9]+[.][0-9]+[.][0-9]+.[0-9]+[ ]*)$/\1$NEWIP/
<(.*(['"]).*\2)([\S].*)|(^/)>
(=(['"])["']*\3)?
<([\\S ]+)>([\\S ]+)</\\1>
${SELECTION/([,]+)(,.*)?/\2/}
${SELECTION/([,]+)(,.*)?/\1/}
\s/("[_]*)_([_]*")/\1 \2/[0-9]
(["']|)([\x21-\x7E][0-9][0-9][A-Z].+)\1
((\\W)\\2+)
\s/.*[]([,]+),([,]+),([,]+),(.*)/[\1,\4],[\3,\4],[\3,\2],[\1,\2]/
\s/^.*\?[-0-9]*([,]*),([,]*),([,]*),([,]*)/[\1,\4],[\3,\4],[\3,\2],[\1,\2]/
^[-.]+([-.])(?[A-Z][-.]+\1){3}[-.]+$
(([01])\2*)
(["'])(.*)\1
\s/([A-Z].*)(.*[A-Z])/\2\1/
(["'])(.+)\1
\s/.\.([.]+)$/.\1/
^(.+)(.+)\2\1$
__\(([\"'])(.*)\\1\)
__\(\\s*([\"'])(.*)\\1\\s*\)
\s/^([\]]*).*/\1/
\s/.*(OU=[,]*,OU=[,]*),DC=.*/\1/
\\s(?[A-Z][\x21-\x7E][A-Z][A-Z]f|\s[A-Z][-!"#$%&'*+,./[ \[\x00-\x1F\x7F]];<=>?@[\\\]_`{|}~])\\s*=\\s*(["']??)\\s*(["']+)(?[A-Z]\\s*\1)[>]*>
\s/^(.*)(.{3})$/\1\U\2/
<([]*)>(?[A-Z]([]*)<\/\1>)?
((['"]).+\2|.+(["']|$))
(?[A-Z]=(["\'])?[\]]*\3)?
(.+)(.+)\2\1
\s/([0-9]{8}),([\x21-\x7E][0-9][0-9][A-Z].+[0-9]{4})(.+,)/\2,/[0-9]
((.+)/).*(/\\2(/|$))
(TAG|CORE)START B(.+)(\1END B)
(TAG|CORE)START(?[A-Z] B)?(.+)(\1END(?[A-Z] B)?)
((?<[-!"#$%&'*+,./[ \[\x00-\x1F\x7F]];<=>?@[\\\]_`{|}~][\x21-\x7E]>.)\\[0-9]{[-!"#$%&'*+,./[ \[\x00-\x1F\x7F]];<=>?@[\\\]_`{|}~][\x21-\x7E]}\\[0-9]{[-!"#$%&'*+,./[ \[\x00-\x1F\x7F]];<=>?@[\\\]_`{|}~][\x21-\x7E]})
^(((?<[-!"#$%&'*+,./[ \[\x00-\x1F\x7F]];<=>?@[\\\]_`{|}~][\x21-\x7E]>.)\\[0-9]{[-!"#$%&'*+,./[ \[\x00-\x1F\x7F]];<=>?@[\\\]_`{|}~][\x21-\x7E]}\\[0-9]{[-!"#$%&'*+,./[ \[\x00-\x1F\x7F]];<=>?@[\\\]_`{|}~][\x21-\x7E]})(012|123|234|345|456|567|678|789|890)[0-9]){8,}$
(AA|BB)(.*)\1
\s/(^# *)([ ]*)/\1\U\2/
([,]+(?[A-Z],[,]+){2})\v+(?[A-Z](?[A-Z][,]+,){3}\1(?[A-Z]\v+|$)){3,}
__\\s*(['"])([']+)\1
\s/(.*)#(.*) (.*)/\1#\2_\3/
\s/(.*)/\1/
\s/([ ]+)<>/(\1)/
\s/(.* )(.*)/(\1 (\2))/
\s/([0-9]+)/\1.0/[0-9]
\s/(.*)__P\((.*)\);/\1\2;/[0-9]\s
\s/(.*) __P\((.*)\);/\1\2;/[0-9]\s
\\([\\]+)\\\1(?[A-Z]\.[.\\]+)?$
\\([\\]+)\\\1\.[.\\]*$
\s/^ *([0-9]+) (.*)/\2 --- \1/[0-9]
(.)(.*\\1)
\s/.*[<]+[0-9][A-Z]+[>]+[<]+[0-9][0-9]+[>](\S+).* <\/[0-9][0-9]><[0-9][0-9]>(\S+).*/\1 \2/
(.+)\1
\s/^(      )([ ]+)$/\1  \2/[0-9]
\s#(.*)(.)\2(.*)#\2\2 \1\2\2\3#[0-9]
(['"])\1\1(.*)\1{3}
\s/{ (.*), (.*) }/\[\1\] = \2/[0-9]
\s/\{ (.*), (.*) \}/\[\1\] = \2/[0-9]
\|====([=]*)====>([\\s\S]*)<====\1====\|
\s/.*_([0-9]*)\..*/\1/[0-9]
((.)\2*)
^(.*(\|50200\|).*)\2
[\x21-\x7E][A-Z][A-Z]f=(["'])(.*)\1
\s|.*/(.*)|\1|
\s/([,]*),([ ]*) ([,]*),([.]*)\./\4, \2 \3, \1/
\s/([ ]*) ([ ]*) ([,]*), ([,]), ([.]), ([,]), *([,]) ([,]), ([ ]) ([,]) ([.]). ([ ]*)./\2, \1, \3, ``\4," \5 \6, \7 \5 \9/
\s/ ([= ]*=)/ |\1/[0-9]
/(.*)~20[0-9]{6}-[0-9]{6}(.*)/\1\2/
\s#^([=]+=)[/]+/([,]+,)[/]+/(.*)#\1\2\3#
^(.*([0-9])\2{2,})
\s/([A-Z][0-9]+)\.[0-9]+/\1/[0-9]
\s/(\\s*(\S+\\s+){7})([.]+)\.\S+([.]+)\.\S+/\1\3\4/[0-9]
(["'])(\\\1|[\1]*)\1
((.)\2*)
((.)\2*)
^((~)?(#))?([#]+)#([#]+)\3$
^((~(#))|(#?))([#]+)#([#]+)(\3|\4)$
((A-.-.)(.*\2).*),
\s/^([,]*,[,]*)[A-Z]/\1 /[0-9]
^.*/([/]*)/([/]*)/\1-\2[/]*$
((\\s+))\1($)
^(.{25,})(.*)$\R\1.*
(.+)~.*[\\1\].*
(.+)~[\]*\\1\.*
^(.+)\1+
^(.+\\s)\1+
(["'])(?[A-Z]["'\\]+|\\.)*\1
(\\)(["'])(?[A-Z]["'\\]+|\\.)*\1
\[(.*)\]((?[A-Z].\\s*)*)\[\/\1\]
\[(.*)\]([\\s\S]*)\[\/\1\]
\[(.+)\](.+)\[\/\1\]
\s/([[A-Z]]*)[A-Z]([0-9]*)[A-Z].*/\1 \2/
(1.+)\1
((1.+)\2)
/(\\s*#?)\s[A-Z][A-Z]v[A-Z][A-Z] \\s*{(?[A-Z][\\s\S]+)\1}/ [0-9]
/(\\s*#?)\s[A-Z][A-Z]v[A-Z][A-Z]\\s*\{/,/\1\}/[0-9]
^(\\[0-9]+){2,100}\\1$
((['"]{3}).*\2)
\s/^([.]+)\.([.]+)\..*/\1\2/
^(.*(?[A-Z]0(?[A-Z]12|98)|123|234|3(?[A-Z]45|21)|4(?[A-Z]56|32)|5(?[A-Z]67|43)|6(?[A-Z]78|54)|7(?[A-Z]89|65)|876|987))(.*(.)\1{2})[0-9]{4}
([\'"])(.*)\1
^((.+)(?[A-Z].*))\1+\2?$
^((.+)(?[A-Z].*))\1+\2?$
^(.+)\1+
(.+)\1+
(^|[A-Z])(A+)\2BB
(A+)\1BB
((.)\2*)
([\\-+ ])\\1
(..+)\\1+
.?|(..+)\\1+
\s|([\x21-\x7E][0-9][0-9][A-Z][A-Z]//.+)/.*|\1|
\s/^(\S+\\s+){5}(\S+\\s+){3}/\1/
\s/(^>.*=[0-9]+)_.+\]_/\1/
\s/(.+)T(.+)Z/\1,\2,UTC/[0-9]
(.+)\1(<\/[A-Z]>)
(.+)\1
(.*).*(\1.*)
\s/^[0-9]*([0-9]+).*/\1/
\s/([0-9]+,[0-9]+)-$/-\1/[0-9]
^@([[A-Z]]+)[A-Z][~\\s]*(['\"]?)([;]*)\\2;?$
(["'])(.*[\\])\1
(.+)\1+
(\(.*\))(.*)\1
<(.*)>(.*)</\\1>
\s|.*/(.*)>|\1|
(([.])\2{1,})(*SKIP)(*FAIL)|[.]+
\s|^([.]+).*$|\1|; \s|^[0-9]*([0-9]+).*$|\1|
\s|^([.]+).*$|\1|
\s/^.* ([0-9]+) .*/\1/
\s/ ([0-9]+) .*|./\1/[0-9]
(.+)(.+)\\2\\1
(.)(.*\1){2}
(.)(?[A-Z].*\1)
\s/([0-9]+).*|./\1/[0-9]
(.)(.*\1)
\s/\\s*([+\-=*^%?[A-Z]<>+\/.,])\\s*/\1/[0-9]
(.+)\\s*\1
((.+)\\s*\2)
\s|^.*,[ ]?(.*)|\1|
\s/0*([0-9]*).*/\1/
[0-9][0-9]=(["'])(.*)\1
[A-Z]%\s/(.+)\1+/\1/
(.+)\1+
(?>[A-Z]*([A-Z]{3}))((?[A-Z][A-Z]*[A-Z]{3})*\1)|(?>[A-Z]*[A-Z]{3})
(.)(.*\1)
\s/.*(\(.*\))/\1/[0-9]
\s/.*((.*)).$((.*))/\1 \2/[0-9]
(.)(?[A-Z].*\1){2}
<([0-9][0-9]|[0-9][\x21-\x7E]|[0-9][A-Z])>(.*)<\/\1>
<([0-9][0-9])>(.*)<\/\1>
(<\\s*[0-9]+\>)(.*[<]*)(<\\s*[0-9]+\>)\1
([1-9][0-9]*(?[A-Z]\.[0-9]*[1-9])?)(\.?0*) ([A-Z]{3}) 0*(\1).* \3
/(['"])([\x21-\x7E][0-9][0-9][A-Z]\s?[A-Z]\/\/[\1]+)\1/
\*(.+)\1
(\\D+)\\D*\\1
(.)(\1*)
\s/STDOUT_LOG\((.*)\)(.*)<<(.*);/STDOUT_LOG\(\1\,\2\3\);/[0-9]\s
\s/^([[[A-Z][0-9][0-9][0-9][0-9][0-9][A-Z]].]+)[.][.]*$/\1/
\s/^(.*€)(.*)/\1€/[0-9]
\s/.*_([0-9]*)_.*/\1/[0-9]
\s/.*_([0-9]*)_.*/\1/[0-9]
\s/^[_]*_([_]*).*/\1/
(.)(.*\1)
^((  )+)\1
\s/ERR[A-Z] ([ ]*).*/\1/[0-9]
{{.*(['"])(.*)\1.*}}
\s/([A-Z]+)[A-Z](.*)/\1[A-Z]\U\2/
/^([[A-Z]]*)[A-Z]\1$/I\s//\1[A-Z]\1/
\s/(.*[A-Z]\/\/?[\/]+\/?)[\"]*(.*)/\1\2/
(.+)\1{2,}
(^|[ ]+)([ ]+)([ ]+)\2([ ]+|$)
(^|[ ]+)([ ]+)([ ]+)\2([ ]+|$)
\s|([/]*//[/]*/).*|\1|
([*_])((?1))?(.+)\2?\1
([*_])(.+)\1
\$\{([\}]+)\}([\S\\s]\$\{\1\})
\$\{([\}]+)\}([\S\\s]*\$\{\1\})
^("?)(.+)\1;?$
(\[(.*)\])(.*)(\[/\2\])
(.*)=\\1
(.*)=\\1
\s/.*(\$[$]*\$).*/\1/
\s/"([0-9]+\.?[0-9]*)"/\1/
\s/(.*),(.*)/\1-\2/
(.+)\1+
(.)(.*\1)
(<([\x21-\x7E][1-4]>))(.*)(<\/\2)
(<([> ]+)[>]*>)([<>]*<\/\2>)
\s/^.*\/([/]+\.j[A-Z][0-9])$/\1/[0-9][A-Z]
\s/"IPA[0-9][0-9][A-Z][A-Z]\s\s"[A-Z] "(.*)"/\1/[A-Z]
^\\s*(['|"])(.*)\1\\s?[A-Z]
(.*).*\1
(.+),\1
\s/[ ]+[ ]+([ ]+[ ]+[ ]+[ ]+[ ]+).*/\1/
\s/([ ]+[ ]+[ ]+[ ]+[ ]+).*/\1/
\s/([ ]+([ ]+[ ]+){2}).*/\1/
(?[A-Z]^ *)?(?[A-Z]\( *|())[1-9](?[A-Z] +(?[A-Z]AND|OR) +[1-9])?(?[A-Z] *\)|\1)
\s/[0-9]*([0-9]+).*/\1/[0-9][A-Z]
(([.,]+))\1( )
\s/(\\s)([0-9]{2})\/([0-9]{2})\/([0-9]{4})\\s([0-9]{2}[A-Z][0-9]{2}[A-Z][0-9]{2})(\\s+)(.*)/\4-\3-\2_\5;\7;931;2/[0-9]
\s/^.(..).(..).(....).(........)\\s*(\S*).*/\3-\2-\1_\4;\5;931;2/
\s/\.{3,}/.../[0-9];\s/(\.+)/\1 /[0-9]
(0+)(.*\1)
\s#.*/([[A-Z]]+).*#\1#
\s/(.*\[[0-9]+\]\[[0-9]+\].*)(\{0.0\})(.*)/\1{\2}\3/
^(.*)(?[0-9][A-Z]\\1)$
\s/.+,(.+)/\1/
([\"\'])(.*(\\))\1
\[\[([|]+)\|"?\1([\]\["]*)"?\]\]
([\'\"]).*\1(*SKIP)(*FAIL)|[\'\"]
(?\s)(.)(.*\\1)
^([=]+)=\1$
\s~.* ([0-9]+)([0-9]{3}) +([0-9]+%).*~\1.\2MB/\3~[0-9][A-Z]
<\s[-!"#$%&'*+,./[ \[\x00-\x1F\x7F]];<=>?@[\\\]_`{|}~][A-Z][0-9][A-Z][0-9][>]+\s[A-Z][-!"#$%&'*+,./[ \[\x00-\x1F\x7F]];<=>?@[\\\]_`{|}~]=(['"]?)([\\s>]+)\1[>]*>(<\/\s[-!"#$%&'*+,./[ \[\x00-\x1F\x7F]];<=>?@[\\\]_`{|}~][A-Z][0-9][A-Z][0-9]>)?
\s/^\\s*([[[A-Z][0-9][0-9][0-9][0-9][0-9][A-Z]]]+\.)\\s*([[[A-Z][0-9][0-9][0-9][0-9][0-9][A-Z]]]+\.)\\s*([[[A-Z][0-9][0-9][0-9][0-9][0-9][A-Z]]]+\.)\\s*([[[A-Z][0-9][0-9][0-9][0-9][0-9][A-Z]]]+)\\s*\|.*$/\1\2\3\4\,/;T;
%\s/[]*(\([]*([]*)\))\(.*\)/\1\2/[0-9]
<([\\s>]+)\\s?[>]*>(.*)(?[A-Z]<\/\1)>
<(.+)>([<>]+)</\\1>
\s/\\[A-Z][A-Z][0-9]({((?>[{}]+|(?1))*)})/\2/[0-9][0-9]
^(.*)(?[A-Z][,_\\\s-]\\1){1,2}
\s,.*/([_]*)_.*,\1,[0-9]
\s/^>.+\(\+\) ([[A-Z]]+)[A-Z].+$/>\1/
(.*)', [A-Z]'\2
(['"])(.*)\1
\s/^ *([ ]+.*[ ]+) +$/\\1/
S[A-Z][0-9][0-9][A-Z]\K(\S+)\\s+\S.*(\\s*\1)
\s/[0-9]*([0-9]+)[0-9]*/\1/[A-Z]
S[A-Z][0-9][0-9][A-Z]((\S+)\\s+\S.*)(\\s*\2)
^(.*)$\\s+^(.*^\1$)
\s_.*[A-Z]//([/@]*@)?([/[A-Z]]+).*_\2_
(((.*\R)\3*){7})
^(.*)$\\s+^(.*^\1$)
([\\s\S]{2,})(\1+)
\s#([0-9]*)-([0-9]*)#`\s[A-Z]q \1 \2`#[0-9][A-Z]
/<(.*)>([<]+)<\/\1>/[0-9]
/<([>]+)>([<]+)?<\/\1>/[0-9]
\s/^(.*)([\{])(.*)$/\1\+0\3/[0-9]
\s/,([,]*)\{([,])*/,+\10\2/[0-9]; \s/,([,]*)P([,]*)/,-\17\2/[0-9]
(#+).*\1|\S+
^(["'])(.*)\1$
\s/([0-9]{2})([0-9]*)\.([0-9]+)/\1.\2\3/[0-9]
([<+>])\1\1
(.+)\1+
(.+)\1+
/\/\*[\\s\S]*\*\/|(['"])[\\s\S]+\1(*SKIP)(*FAIL)|\/{2}.*/
(['"])[\\s\S]*\1(*SKIP)(*FAIL)
(["'])(.*)\1\\s*[A-Z]\\s*(['"])(.*)\3
(\S)[ ]*(\S)?[ ]*(\S)?(?[A-Z][ ]*(?[A-Z]\1[ ]*\2[ ]*\3)){9,}
[A-Z]%\s/^([.]+)$/>>\1<</[0-9]
\s/(['].*['])/[\1]/[0-9]
\s/(\('[']*'\))/[\1]/[0-9]
([\"'])(([A-Z][ ]* ?){1,3})\1
<(.*)(?[A-Z]\\s+(\S*)=.*)?>.*<\/\1?>
(\;|^)(.+)\;((.+\;)?\1(\;|$))
\s/ DA[A-Z](.*) /\1/[A-Z]
(.+)((\1))
(.)(.*\1)
\s/(\\[\x21-\x7E][A-Z][A-Z]f\{.*)#(.*)\}/\1\\#\2/[0-9]
((<!\[CDATA\[[\S\\s]*\]\]>))\1((?[A-Z](?[A-Z](<!\[CDATA\[[\S\\s]*\]\]>)[\S\\s])*\]\]>)+)
(\S+) \1
(.*) \1
^(.*) \1
\s/(.+) (.+) /\2 \1/ 
\s/.*\[([0-9]+)\].*/\1/
(.*)\1$
^(.*)[A-Z][A-Z](.*)\1$
\s/(.*)[\.,]../\1/;\s/[\.,]//[0-9]
\s#([,]*),(.*)#\s/^\1$/\1,\2/#
\s#([,]*),(.*)#\s/^\1$/\1,\2/#
\s@^.*\[(.*)\]\((.*)/.*$@\1 \2@[A-Z]
\s/.*(A[A-Z][A-Z]\.\S+).+(ERROR .*)$/\1 \2/
(["'])([\\]*(?[A-Z]\\.[\\]*)*)\1
(["]+)\2(?[A-Z],|$)
$[A-Z][A-Z][-!"#$%&'*+,./[ \[\x00-\x1F\x7F]];<=>?@[\\\]_`{|}~] =~ \s/^(.*)MACRO1(.*)MACRO2(.*)$/\1MACRO1\2MACRO3\3/;
\s|(.+//)([[A-Z]]+)([A-Z].+)|\2|
<(([<>]+)>)([<>]+)(<(\\1))
<(\/)([<>]+)>\\s*([<>]+[\\s<>])\\s*<\/\1>
([_*]).+\1[_*]*
(([_*]).+\3[_*]*)
~<(\S+).*</\1>(*SKIP)(*FAIL)| *\([]*\) *~
([A-Z]+|([A-Z])\2|([A-Z])[A-Z]*([A-Z])[A-Z]*\3[A-Z]*\4)
\s/^(1499[[[A-Z][0-9][0-9][0-9][0-9][0-9][A-Z]]]*).*$/\1/
\s/([A-Z]+)/\1-\1/[0-9]
(.{LENGTH}(.*))EXPRESSION(\1)
^(")?(.*)(?(1)\1|)
([@]+@[\\s]+) <(\1)>
(.*);?([0-9]+);?(.*)\2
\s/^( *) ([ ])/\1.\2/
\s/^( *) ([ ])/\1.\2/
\s%^[/]* ([ ]*)/([ ]*) .*%\1 \2%
\s#(f[0-9][0-9][A-Z][A-Z][A-Z] +)([0-9-]+)#\1\\[A-Z][A-Z]f{f[0-9][0-9][A-Z]\2}#[0-9]
(?[A-Z][\x21-\x7E][A-Z][A-Z]f=)('|")(.*)\1
([\\~]+(['"]))(.*)\1
^(.+)\v(-|=)\2+$
^([=\-\v]+)\v(-|=)\2+$
([+-])\1
<(.+)>([<>]+)</(\\1)>
\s#(/.*)/(.*)#\1#[0-9]
(["'])(.+)\\\\?(.+)\1
(\\+|-|<|>)\\1*
\s/(\[.*\])/\1---/
\s/([-]*[-][-]*[-][-]*).*/\1/
(([;]*;).*)\2
(([])\2*)
(([.;])\2.*)?
(>>([0-9]+)<<).*(>>\1<<)
~("|\').*\1(*SKIP)(*FAIL)|\#(?[A-Z][##]|(?R))*\#~
(["'])(.*)\2
\s/^((["]*"["]*")*["]*"["]*);/\1SEMICOLON/
\s/[']*('[']*').*/\1/
\s/(<[A-Z]+>)(.*[A-Z] - )(.*)/\1 - \3/[0-9]
\s/^(<[A-Z]+>).*[A-Z]( - .*)/\1\2/
^PIN (\S+).*^END \1$
^PIN (\S+).*^END \1$
(.)(.*\1){3}
([A|F])(.*\1)
#(?[A-Z](<)[<>]+(>))|(?[A-Z]<([/>]+\/>).*\/>)|(?[A-Z]<([\\s]+).*>.*(<\/\1>)<\/\1>)#[0-9]
([0-9][\x21-\x7E][A-Z])((\\s(.+)\\s)\1){2,}
([0-9][\x21-\x7E][A-Z])(\\s(.+)\\s\1){2,}
(\s[A-Z][-!"#$%&'*+,./[ \[\x00-\x1F\x7F]];<=>?@[\\\]_`{|}~]|[\x21-\x7E][A-Z][A-Z]f)(\\s*=\\s*)(["'])(.+(\\s).+)\3
\s/\.`([0-9]+)/[\1]/[0-9]
(.)(?[A-Z].*\1){2,}
([\\s\S])(?[A-Z][\\s\S]*\1){2,}
\s[A-Z][-!"#$%&'*+,./[ \[\x00-\x1F\x7F]];<=>?@[\\\]_`{|}~]=(["“])(.*)\1
^((.)(?1)*\2|.?)$
((["']).*\2)
^(.*)$\\s+^(.*^\1$)
\s/.*\s[A-Z][-!"#$%&'*+,./[ \[\x00-\x1F\x7F]];<=>?@[\\\]_`{|}~]\(([]*)\).*/\1/[A-Z]
\\s[\x21-\x7E][A-Z][A-Z]f=(["'])(.*)\1
(["']).*\1(*SKIP)(*FAIL)|\.
 -[A-Z] '\s/(.*)[A-Z].*/\1/
\s/([[A-Z]]*)[A-Z].*/\1/
(*ANYCRLF)^(\*{1,3})([\*]+)\1$
(.{3})(.*\1)
\s/(?[A-Z]"([,]*)")/\1/[0-9]
<([>]*)> +([<]*) +<\/\1>
([;])([;]+;)((?>[;]*;)*\1)
(^[A-Z]+).*$\\s(\1)
~(["']).*\1(*SKIP)(*FAIL)| #.*~
\s/.*&MSISDN=([&]+).*/\1/
<([>]+)>([>]+)<\\\1>
[A-Z][A-Z]2 = /(\/.+)(.*\1)\1\1/
[A-Z][A-Z]1 = /((.+\/)+)\1\1/
\s/^\\s*\S+\\s+(\S+).*/\1/
(\S+)\\s*&&\\s*\1\.\S+
(\S+)\\s*&&\\s*\1\.\S+
(\[\[)(.*)(\|)\|\1\]\]
\[\[(.*)\|\1\]\]
\[\[(.*)\|\1\]\]
<(.*>)(.*)</\1
(##)?([#]*)(\1)?
(##)?(.*)(\1)?
^(##)?(.*)(\1)?\\s*$
^(##)?(.*)(\1)?$
<(.*)(?[A-Z]\\s.+>)(.*)</\1[>]?
((\S+\\s)+)(\S+\\s){0,9}\1
(<[\x21-\x7E]([1-6])> .*) (\.) (.* <\/[\x21-\x7E]\2>)
(\W|^)(.+)\\s\2
(.+)\\s\1
#TEST_ENV_([=]*)=(\"?)([\"]*)\2
(<)([\x21-\x7E]1|[\x21-\x7E]3)(.*)(\2)(>)
((['"])(?>['"\\]+|\\.|(?1))*\2)
^(["'])(.*)(\1)$
<(.+)( .+)?>(.*)<\/\1>
\s/^0*([0-9]+)\.0*([0-9]+)\.0*([0-9]+)\.0*([0-9]+)$/\1.\2.\3.\4/
\s/^0*([0-9]+)\.0*([0-9]+)\.0*([0-9]+)\.0*([0-9]+)-0*([0-9]+)\.0*([0-9]+)\.0*([0-9]+)\.0*([0-9]+),...,(.*)$/\9[A-Z]\1.\2.\3.\4-\5.\6.\7.\8/
^(.*1)(.*2)(.*3)(.*4)(.*5)(.*([1-5]).*\1).*
\s/^([" ]+ |"["]*" ){12}([" ]+|"["]*").*$/\2/[A-Z]
(.*)\1+
\s/^[0-9]*([0-9]+).*/\1/
\s/^([[A-Z]]*[A-Z]){2}([[A-Z]]*)[A-Z](.*)[A-Z].*$/\2 \3/
(.+) \1
(.+) (.+) \2
(.+) (.+) \1
(\S*)(.)\2{2,}(\S*)
([0-9]+(\.?[0-9]{1,8})?)+[-+*\/](\1)
\s#(.*\([0-9]{1,3}.[0-9]{1,3}.[0-9]{1,3}.[0-9]{1,3}\)).*#\1#
^[\1]*([A-Z])((?[A-Z][\1]*\1){3})
(.)(\1.*)
\s/.*_(.+yyy)_.*[A-Z]/\1 /
\s/.*(\(.*\))/\1/
\s/^[P]{0,1}[0-9]{0,4}[_\\s]{0,2}(.*$)/\\1/[0-9]
/(['"])([\x21-\x7E][0-9][0-9][A-Z]\s?[A-Z]\/\/['"]+)\1/
\s/(^IPADDR=[0-9.]+)([0-9]$)/\17/[0-9]
<[A-Z]\\s[>]*([\" >]*)\\1[>]*>(.*)<\/[A-Z]>
((?[A-Z]'|"){1,3})(['"]+)\1
\s/-.*-([-]*)$/-\1/
(\\[0-9]+)/\\1
